example_id,class_level,book_id,source_chunk_ids,task_type,question,answer,options,correct_answer,passage,evidence_quote,status,human_decision,review_notes
NCTB-SFT-00001,6,class6-english,class6-english-chunk-0001;class6-english-chunk-0002,mcq,What does education help develop?,,Only knowledge | Skilled human resources | Superstitions | Scientific facts,Skilled human resources,,The prime goal of modern education is not only to impart knowledge but also to build a prosperous nation by developing skilled human resources.,candidate,,
NCTB-SFT-00002,6,class6-english,class6-english-chunk-0001;class6-english-chunk-0002,short_qa,Who has contributed to the book?,"Writers, editors, reviewers, illustrators and graphic designers.",,,,"Finally, I would like to thank all of those who have contributed to the book as writers, editors, reviewers, illustrators and graphic designers.",candidate,,
NCTB-SFT-00003,6,class6-english,class6-english-chunk-0003;class6-english-chunk-0004,passage_grounded_qa,Where does Lily go to school?,Lily goes to a school in Dhaka.,,,Lily goes to a school in Dhaka and her parents live in a small town in Tangail district. Lily is talking to her father over telephone.,Lily goes to a school in Dhaka,candidate,,
NCTB-SFT-00004,6,class6-english,class6-english-chunk-0006;class6-english-chunk-0007,mcq,How many suitcases was the man carrying?,,One | Two | Three | Four,Three,,A man who was trying to carry three heavy suitcases.,candidate,,
NCTB-SFT-00005,6,class6-english,class6-english-chunk-0006;class6-english-chunk-0007,short_qa,What did Shanu say to Munira?,'That’s bad luck!',,,,"Shanu Oh, that's bad luck!",candidate,,
NCTB-SFT-00006,6,class6-english,class6-english-chunk-0006;class6-english-chunk-0007,short_qa,What did the young lady do while sitting on the bench?,She was reading a magazine.,,,,She was reading a magazine.,candidate,,
NCTB-SFT-00007,6,class6-english,class6-english-chunk-0006;class6-english-chunk-0007,short_qa,What was happening at the ticket counter?,There was a long line of people.,,,,There was a long line of people at the ticket counter.,candidate,,
NCTB-SFT-00008,6,class6-english,class6-english-chunk-0006;class6-english-chunk-0007,mcq,What were some young people doing in front of the tea stall?,,Playing football | Talking loudly and drinking tea | Reading books | Sleeping,Talking loudly and drinking tea,,A group of young people was talking loudly and drinking tea in front of a tea stall.,candidate,,
NCTB-SFT-00009,6,class6-english,class6-english-chunk-0006;class6-english-chunk-0007,passage_grounded_qa,What were the friends doing?,Talking and watching the crowd around.,,,My friend and I stood near a newspaper stall talking and watching the crowd around.,My friend and I stood near a newspaper stall talking and watching the crowd around.,candidate,,
NCTB-SFT-00010,6,class6-english,class6-english-chunk-0006;class6-english-chunk-0007,passage_grounded_qa,What were the old couple doing?,Trying to find a quiet place to sit down and rest.,,,An old couple was trying to find a quiet place to sit down and rest.,An old couple was trying to find a quiet place to sit down and rest.,candidate,,
NCTB-SFT-00011,6,class6-english,class6-english-chunk-0006;class6-english-chunk-0007,passage_grounded_qa,Where was Sajjad going?,To Dhaka to his elder sister’s,,,My friend Sajjad and I were sitting at the railway station. I came to see him off. Sajjad was going to Dhaka to his elder sister's.,Sajjad was going to Dhaka to his elder sister's,candidate,,
NCTB-SFT-00012,6,class6-english,class6-english-chunk-0008;class6-english-chunk-0009,mcq,What does Mary's mother do?,,She is a teacher. | She works part-time at the Town Hall Library. | She is an architect. | She is a doctor.,She works part-time at the Town Hall Library.,,She works part-time at the Town Hall Library.”,candidate,,
NCTB-SFT-00013,6,class6-english,class6-english-chunk-0008;class6-english-chunk-0009,mcq,What does Rashid Ahmed do?,,Lawyer | Doctor | Architect | Teacher,Doctor,,"Rashid Ahmed, Doctor Sumana Chowdhury, Lawyer",candidate,,
NCTB-SFT-00014,6,class6-english,class6-english-chunk-0012;class6-english-chunk-0013,mcq,What dish is Baba cooking?,,pizza | moragpolau | rice pudding | noodles,moragpolau,,"'Baba It's ‘moragpolau’, dear, your favourite dish.'",candidate,,
NCTB-SFT-00015,6,class6-english,class6-english-chunk-0012;class6-english-chunk-0013,short_qa,What does Imran's mother ask him to do?,go to the local market,,,,She asks Imran to go to the local market.,candidate,,
NCTB-SFT-00016,6,class6-english,class6-english-chunk-0012;class6-english-chunk-0013,passage_grounded_qa,What does Mila say when she comes in?,"""Hi, Mom! I'm back!""",,,"Mila Hi, Mom! I'm back!","Mila Hi, Mom! I'm back!",candidate,,
NCTB-SFT-00017,6,class6-english,class6-english-chunk-0012;class6-english-chunk-0013,short_qa,What is Mila's favorite dish?,'moragpolau',,,,"""Baba It's ‘moragpolau’, dear, your favourite dish.""",candidate,,
NCTB-SFT-00018,6,class6-english,class6-english-chunk-0012;class6-english-chunk-0013,passage_grounded_qa,Where do elephants use their trunks and tails?,In circus rings,,,Trunks and tails Are handy things When elephants walk In Circus rings.,Trunks and tails /Are handy things /When elephants walk /In Circus rings.,candidate,,
NCTB-SFT-00019,6,class6-english,class6-english-chunk-0014;class6-english-chunk-0016,mcq,What did Imran ask for in terms of sugar?,,one kg. | half kg. | two kg. | one litre.,one kg.,,"Imran Just one litre, ...and one kg of sugar, please.",candidate,,
NCTB-SFT-00020,6,class6-english,class6-english-chunk-0017;class6-english-chunk-0018,passage_grounded_qa,How long does Simon jog for?,Half an hour.,,,I'm Simon. I love to exercise. I usually exercise every day. I get up early in the morning and do jogging for half an hour.,I get up early in the morning and do jogging for half an hour.,candidate,,
NCTB-SFT-00021,6,class6-english,class6-english-chunk-0017;class6-english-chunk-0018,mcq,What activity does Simon play in the afternoon?,,Swimming | Table tennis | Football | Badminton,Table tennis,,"Well, | do jogging every day in the Then I play table tennis in the afternoon.",candidate,,
NCTB-SFT-00022,6,class6-english,class6-english-chunk-0017;class6-english-chunk-0018,passage_grounded_qa,What are some of the personal hygiene practices mentioned?,Wash your hands before eating; bathe regularly and wear clean clothes.,,,"Personal hygiene: We should follow the personal health practices, Wash your hands before eating. Bathe regularly and wear clean clothes.","Personal hygiene: We should follow the personal health practices, Wash your hands before eating. Bathe regularly and wear clean clothes.",candidate,,
NCTB-SFT-00023,6,class6-english,class6-english-chunk-0017;class6-english-chunk-0018,short_qa,What did you do when you had an insect bite?,Put some antiseptic on it.,,,,A What did you do? put some antiseptic on it.,candidate,,
NCTB-SFT-00024,6,class6-english,class6-english-chunk-0017;class6-english-chunk-0018,mcq,What does Simon do regularly?,,Reading books | Jogging | Watching television | Playing video games,Jogging,,I get up early in the morning and do jogging for half an hour.,candidate,,
NCTB-SFT-00025,6,class6-english,class6-english-chunk-0017;class6-english-chunk-0018,short_qa,What does Simon say about Sohan's ability to play?,"No problem, Sohan. I won't play...",,,,"Simon No problem, Sohan. I won't play .......... .",candidate,,
NCTB-SFT-00026,6,class6-english,class6-english-chunk-0017;class6-english-chunk-0018,passage_grounded_qa,What kind of exercise is recommended?,Take part in games and sports and take physical exercise regularly.,,,Taking regular exercise: We should take part in games and sports and take physical exercise regularly.,Taking regular exercise: We should take part in games and sports and take physical exercise regularly.,candidate,,
NCTB-SFT-00027,6,class6-english,class6-english-chunk-0017;class6-english-chunk-0018,short_qa,What proverb is mentioned in the text?,Health is Wealth.,,,,A proverb says ‘Health is Wealth’.,candidate,,
NCTB-SFT-00028,6,class6-english,class6-english-chunk-0017;class6-english-chunk-0018,mcq,Which of the following is essential for good health?,,Eating unhealthy food | Lack of physical exercise | Proper food and nutrition | Ignoring cleanliness,Proper food and nutrition,,"To keep in good health we should be careful about hygiene. The rules and rules of hygiene. Proper food and nutrition, physical exercise, rest and sleep, cleanliness, and proper medicare are essential for good health.",candidate,,
NCTB-SFT-00029,6,class6-english,class6-english-chunk-0019;class6-english-chunk-0021,short_qa,What are natural cures made of?,"Natural cures are made of natural things, most often herbs and plants.",,,,"More and more they are turning to natural cures. Natural cures are made of natural things, most often herbs and plants.",candidate,,
NCTB-SFT-00030,6,class6-english,class6-english-chunk-0019;class6-english-chunk-0021,mcq,What is recommended for headaches?,,Eating ice cream | Eating apples | Drinking coffee | Taking a nap,Eating apples,,Eating apples give good result in headaches.,candidate,,
NCTB-SFT-00031,6,class6-english,class6-english-chunk-0019;class6-english-chunk-0021,passage_grounded_qa,What is used to relieve an aching tooth?,A pinch of pepper powder mixed with common salt,,,A pinch of pepper powder mixed with common salt works well on the aching tooth.,A pinch of pepper powder mixed with common salt works well on the aching tooth.,candidate,,
NCTB-SFT-00032,6,class6-english,class6-english-chunk-0019;class6-english-chunk-0021,mcq,Which of these civilizations historically utilized herbal remedies?,,Australia | China | Brazil | Canada,China,,"Herbal medicines were used in ancient civilisations like India, China, Greece, Egypt and Rome.",candidate,,
NCTB-SFT-00033,6,class6-english,class6-english-chunk-0023;class6-english-chunk-0024,mcq,Approximately how many people were killed during the Liberation War?,,One million | Three million | Five million | Seven million,Three million,,Pakistani army killed three million people and assaulted thousands of women.,candidate,,
NCTB-SFT-00034,6,class6-english,class6-english-chunk-0023;class6-english-chunk-0024,mcq,Shusong Durgapur is located in which district?,,Dhaka District | Chittagong District | Netrokona District | Barishal District,Netrokona District,,Shusong Durgapur is located under Netrokona district...,candidate,,
NCTB-SFT-00035,6,class6-english,class6-english-chunk-0023;class6-english-chunk-0024,passage_grounded_qa,Where does the military parade take place?,The National Parade ground,,,"The National Parade ground hosts a grand military parade where the president, the prime minister and dignitaries from government and non-government sectors join.",The National Parade ground hosts a grand military parade...,candidate,,
NCTB-SFT-00036,6,class6-english,class6-english-chunk-0025;class6-english-chunk-0027,short_qa,What did the lion call his mane?,Unruly,,,,"The lion then roared ""I'm the king of the jungle and this unruly mane does not fit a king.""",candidate,,
NCTB-SFT-00037,6,class6-english,class6-english-chunk-0025;class6-english-chunk-0027,mcq,What did the lion do to try and fix his mane?,,He cut it short. | He dipped his paw into the river. | He asked a friend for help. | He dyed it a different color.,He dipped his paw into the river.,,He dipped his paw into the river and tried desperately to smooth his mane.,candidate,,
NCTB-SFT-00038,6,class6-english,class6-english-chunk-0028;class6-english-chunk-0030,passage_grounded_qa,What does Mariam's aunt dislike?,Children's presence.,,,The old people Mariam visits do not like children’s presence.,The old people Mariam visits do not like children’s presence.,candidate,,
NCTB-SFT-00039,6,class6-english,class6-english-chunk-0028;class6-english-chunk-0030,short_qa,What does Mrs. Nilufar Ahmed teach her son?,How to make easy snacks.,,,,Mrs. Nilufar Ahmed is teaching her son Adib how to make easy snacks at home.,candidate,,
NCTB-SFT-00040,6,class6-english,class6-english-chunk-0028;class6-english-chunk-0030,mcq,What is Mike’s job?,,Teacher | Accountant | Doctor | Engineer,Accountant,,Mike is a young accountant. He works from to in a government office.,candidate,,
NCTB-SFT-00041,6,class6-english,class6-english-chunk-0028;class6-english-chunk-0030,mcq,What should you put on top of the bread before adding the egg?,,Tomato | Cucumber | Cheese | Butter,Cheese,,"Then, put a slice of cheese on the buttered side of the bread.",candidate,,
NCTB-SFT-00042,6,class6-english,class6-english-chunk-0033;class6-english-chunk-0034,passage_grounded_qa,How long did it take to build the Taj Mahal?,21 years,,,It took 21 years and thousands of artisans and craftsmen to complete the Taj Mahal.,It took 21 years…,candidate,,
NCTB-SFT-00043,6,class6-english,class6-english-chunk-0033;class6-english-chunk-0034,mcq,How many songs were in Hason Udash?,,100 | 206 | 500 | 81,206,,The book had 206 songs in it.,candidate,,
NCTB-SFT-00044,6,class6-english,class6-english-chunk-0033;class6-english-chunk-0034,short_qa,How many steps are there to go from ground level to the first level of the Eiffel Tower?,Over 300 steps,,,,A visitor (have) to walk over 300 steps to go from ground level to the first level.,candidate,,
NCTB-SFT-00045,6,class6-english,class6-english-chunk-0033;class6-english-chunk-0034,short_qa,How tall is the Eiffel Tower?,"320 metres (1,050 ft)",,,,"It is 320 metres (1,050 ft) tall…",candidate,,
NCTB-SFT-00046,6,class6-english,class6-english-chunk-0033;class6-english-chunk-0034,mcq,What is the area of the Taj Mahal?,,1003 acres or 405 hectares | 2000 square meters | 500 square kilometers | 100 square kilometers,1003 acres or 405 hectares,,The Taj has an area of about 1003 acres or 405 hectares.,candidate,,
NCTB-SFT-00047,6,class6-english,class6-english-chunk-0033;class6-english-chunk-0034,mcq,What is the Taj Mahal known as?,,The Great Mosque | The Taj | The Golden Palace | The White Tower,The Taj,,"The Taj Mahal is also known as ""the Taj"".",candidate,,
NCTB-SFT-00048,6,class6-english,class6-english-chunk-0033;class6-english-chunk-0034,short_qa,What was Hason Raja’s nickname?,Crazy Hason Raja or Pagla Hason Raja,,,,"'he called himself ‘Crazy Hason Raja’, or ‘Pagla Hason Raja’.",candidate,,
NCTB-SFT-00049,6,class6-english,class6-english-chunk-0033;class6-english-chunk-0034,passage_grounded_qa,When was the Eiffel Tower built?,In Paris,,,The Eiffel Tower is a lattice tower in Paris. It (be) built in,The Eiffel Tower is a lattice tower in Paris.,candidate,,
NCTB-SFT-00050,6,class6-english,class6-english-chunk-0033;class6-english-chunk-0034,short_qa,Where is Giza located?,"Near Cairo, the of Egypt.",,,,"Giza is a place near Cairo, the of Egypt.",candidate,,
NCTB-SFT-00051,6,class6-english,class6-english-chunk-0033;class6-english-chunk-0034,passage_grounded_qa,Why did Shah Jahan build the Taj Mahal?,As a token of love for his wife,,,"The Mughal emperor, Shah Jahan loved his wife Mumtaz Mahal more than his life. Mumtaz died at an early age.",Shah Jahan was very shocked at her death. So he built the Taj Mahal as a token of love for his wife.,candidate,,
NCTB-SFT-00052,6,class6-english,class6-english-chunk-0036;class6-english-chunk-0037,passage_grounded_qa,What are mobile phones helpful for?,Mobile phones help us greatly in our daily life.,,,Mobile phone is another useful invention of the world. Like computers mobile phones help us greatly in our daily life.,mobile phones help us greatly in our daily life.,candidate,,
NCTB-SFT-00053,6,class6-english,class6-english-chunk-0036;class6-english-chunk-0037,mcq,What is a spacecraft designed to do?,,Carry passengers on short flights | Travel from one planet to another | Deliver packages across the country | Provide shelter in extreme weather,Travel from one planet to another,,spacecraft that can travel from one planet to another,candidate,,
NCTB-SFT-00054,6,class6-english,class6-english-chunk-0039;class6-english-chunk-0040,short_qa,What does Reza call Ashar?,Mr Global Citizen,,,,'We call him ‘Mr Global Citizen’.',candidate,,
NCTB-SFT-00055,6,class6-english,class6-english-chunk-0039;class6-english-chunk-0040,short_qa,Where did Ashar go to school after Singapore?,He went to Denmark and completed his schooling there.,,,,"After a few years, he went to Denmark and completed his schooling there.",candidate,,
NCTB-SFT-00056,6,class6-english,class6-english-chunk-0039;class6-english-chunk-0040,passage_grounded_qa,Why do these countries prefer Bangladeshi workers?,Because they are hard-working.,,,These countries prefer Bangladeshi workers because they are hard-working.,These countries prefer Bangladeshi workers because they are hard-working.,candidate,,
NCTB-SFT-00057,6,class6-english,class6-english-chunk-0041;class6-english-chunk-0043,mcq,In what year did George Harrison receive posthumous honour from Bangladesh?,,1971 | 2008 | 2012 | 1995,2012,,G. Harrison was posthumously honoured by the people of Bangladesh in 2012,candidate,,
NCTB-SFT-00058,6,class6-english,class6-english-chunk-0041;class6-english-chunk-0043,short_qa,What did Mr. Farhad call George Harrison?,Dear!,,,,"Mr. Farhad = You are right, dear! G. Harrison was posthumously honoured...",candidate,,
NCTB-SFT-00059,6,class6-english,class6-english-chunk-0041;class6-english-chunk-0043,short_qa,What did UNICEF receive from the concert?,Millions of dollars.,,,,At the same time it raised millions of dollars for UNICEF relief fund.,candidate,,
NCTB-SFT-00060,6,class6-english,class6-english-chunk-0041;class6-english-chunk-0043,passage_grounded_qa,When did George Harrison receive an honour?,In 2012.,,,"You are right, dear! G. Harrison was posthumously honoured by the people of Bangladesh in 2012",G. Harrison was posthumously honoured by the people of Bangladesh in 2012,candidate,,
NCTB-SFT-00061,6,class6-english,class6-english-chunk-0041;class6-english-chunk-0043,short_qa,Where was the Concert for Bangladesh held?,"At the Madison Square Garden, New York.",,,,"Mr. Farhad Well, the Concert for Bangladesh was held on the Ist August, 1971 at the Madison Square Garden, New York.",candidate,,
NCTB-SFT-00062,6,class6-english,class6-english-chunk-0041;class6-english-chunk-0043,short_qa,Who organized the Concert for Bangladesh?,George Harrison and some other famous musicians.,,,,George Harrison and some other famous musicians performed in that live concert.,candidate,,
NCTB-SFT-00063,6,class6-english,class6-english-chunk-0044;class6-english-chunk-0045,passage_grounded_qa,What colour shirt does the assistant offer to show Imran?,Sky blue.,,,"Assistant Just a moment please, I'll check. How about this one? It's a nice sky blue.","Assistant Just a moment please, I’ll check. How about this one? It’s a nice sky blue.",candidate,,
NCTB-SFT-00064,6,class6-english,class6-english-chunk-0044;class6-english-chunk-0045,short_qa,What does Imran say about the first shirt he tries on?,It’s too big.,,,,Imran A medium! But it's too big!,candidate,,
NCTB-SFT-00065,6,class6-english,class6-english-chunk-0044;class6-english-chunk-0045,short_qa,What does the speaker want people to do?,Relieve the people of Bangladesh.,,,,"'Now, won't you lend your hand and understand / Relieve the people of Bangladesh'",candidate,,
NCTB-SFT-00066,6,class6-english,class6-english-chunk-0044;class6-english-chunk-0045,mcq,What size shirt does Imran initially ask for?,,Small | Large | Medium | Extra Large,Medium,,Imran May be a medium?,candidate,,
NCTB-SFT-00067,6,class6-english,class6-english-chunk-0046;class6-english-chunk-0047,mcq,What did Ms. Chowdhury tell the students to do with their books and papers?,,Leave them on their desks. | Put them in a drawer. | Take them to the teacher. | All books and papers from your desks.,All books and papers from your desks.,,"‘Teacher sees books and papers on students’ desks. She tells them, all books and papers from your desks.’",candidate,,
NCTB-SFT-00068,6,class6-english,class6-english-chunk-0051;class6-english-chunk-0052,mcq,What did Frog advise Toad to do with his seeds?,,Water them every day. | Shout at them loudly. | Leave them alone for a few days. | Put them in the sun.,Leave them alone for a few days.,,"""Leave them alone for a few days. Let the sun shine on them, let the rain fall on them.""",candidate,,
NCTB-SFT-00069,6,class6-english,class6-english-chunk-0051;class6-english-chunk-0052,short_qa,What did Toad say when he put his head close to the ground?,"‘Now seeds, start growing!’",,,,"""Now seeds, start growing!""",candidate,,
NCTB-SFT-00070,6,class6-english,class6-english-chunk-0053;class6-english-chunk-0055,mcq,How do the people of Sankar dispose of their rubbish?,,They burn it in their yards. | They throw it on the streets. | They put it in plastic bins and leave them in front of their houses. | They keep it inside their homes.,They put it in plastic bins and leave them in front of their houses.,,"They put it in plastic bins and leave them in front of their houses,",candidate,,
NCTB-SFT-00071,6,class6-english,class6-english-chunk-0053;class6-english-chunk-0055,mcq,What do farmers grow in their fields?,,"Cotton and sugarcane | Rice, jute and vegetables | Wheat and barley | Tea and spices","Rice, jute and vegetables",,"Farmers grow rice, jute and vegetables in their fields.",candidate,,
NCTB-SFT-00072,6,class6-english,class6-english-chunk-0053;class6-english-chunk-0055,short_qa,What do fishermen catch?,Fishermen catch fish from rivers and ponds.,,,,Fishermen catch fish from rivers and ponds.,candidate,,
NCTB-SFT-00073,6,class6-english,class6-english-chunk-0053;class6-english-chunk-0055,mcq,What festivals do the villagers celebrate?,,Christmas and Easter | Pahela Boishakh and Nabanna Utsab | Diwali and Holi | New Year's Day and Independence Day,Pahela Boishakh and Nabanna Utsab,,The villagers celebrate different festivals like Pahela Boishakh and Nabanna Utsab with joy.,candidate,,
NCTB-SFT-00074,6,class6-english,class6-english-chunk-0053;class6-english-chunk-0055,mcq,What happens if Bulbul stops working for a few days?,,The area will become more beautiful. | The whole area will turn into a big dustbin. | People will have more time to relax. | The bins will be emptied quickly.,The whole area will turn into a big dustbin.,,"He realises, if he stops working even for a few days only, the whole area will turn into a big dustbin.",candidate,,
NCTB-SFT-00075,6,class6-english,class6-english-chunk-0053;class6-english-chunk-0055,mcq,Where does Bulbul collect rubbish from?,,From the Dhaka Zoo | From the Sankar area | From the market | From the river,From the Sankar area,,Bulbul collects rubbish from the Sankar area...,candidate,,
NCTB-SFT-00076,6,class6-english,class6-english-chunk-0056;class6-english-chunk-0057,short_qa,What did Mamun find on the road?,A purse.,,,,"One day, while he was returning from school, he found a purse on the road.",candidate,,
NCTB-SFT-00077,6,class6-english,class6-english-chunk-0056;class6-english-chunk-0057,short_qa,What does Bulbul do to keep the area clean?,Bulbul wakes up early in the morning to collect rubbish from the Sankar area and keep it clean.,,,,Bulbul wakes up early in the morning to collect rubbish from the Sankar area and keep it clean.,candidate,,
NCTB-SFT-00078,6,class6-english,class6-english-chunk-0056;class6-english-chunk-0057,mcq,What does the story teach us?,,That reading is unimportant. | That every job is important. | That playing games is better than studying. | That lying is sometimes acceptable.,That every job is important.,,"The story teaches us that every job is important, and workers like Bulbul play a crucial role in keeping the environment clean and healthy",candidate,,
NCTB-SFT-00079,6,class6-english,class6-english-chunk-0056;class6-english-chunk-0057,mcq,What is Nadim/Nadia asking Fahim/Fahima?,,About their favorite colors. | About the importance of reading newspaper. | About their school activities. | About their family members.,About the importance of reading newspaper.,,"Now, write a dialogue between you and your friend about the importance of reading newspaper.",candidate,,
NCTB-SFT-00080,6,class6-english,class6-english-chunk-0056;class6-english-chunk-0057,short_qa,What is stated about fruit trees in village gardens?,There are no fruit trees in village gardens.,,,,There are no fruit trees in village gardens.,candidate,,
NCTB-SFT-00081,6,class6-english,class6-english-chunk-0056;class6-english-chunk-0057,passage_grounded_qa,What were Nazrul Islam's interests?,"Adventures, music and jatra party.",,,"He was fond of adventures, music and jatra party.","He was fond of adventures, music and jatra party.",candidate,,
NCTB-SFT-00082,7,class7-english,class7-english-chunk-0001;class7-english-chunk-0002,mcq,What is the basis for the 2012 curriculum?,,The 2005 Curriculum | The National Education Policy 2010 | A completely new system | No specific basis,The National Education Policy 2010,,The National Curriculum 2012 has been adopted to achieve the goals of the National Education Policy 2010.,candidate,,
NCTB-SFT-00083,7,class7-english,class7-english-chunk-0005;class7-english-chunk-0006,mcq,What does ‘a pencil’ refer to?,,A book. | A eraser. | A pencil. | A pen.,A pencil.,,Can | have a pencil?,candidate,,
NCTB-SFT-00084,7,class7-english,class7-english-chunk-0005;class7-english-chunk-0006,short_qa,What is ‘Excuse me’ a polite way of doing?,Drawing somebody’s attention.,,,,'Excuse me' is a polite way of drawing somebody’s attention.,candidate,,
NCTB-SFT-00085,7,class7-english,class7-english-chunk-0007;class7-english-chunk-0008,mcq,What does ‘babbling’ mean?,,To sleep soundly | To talk in a quick and excited way | To eat a large meal | To play with toys,To talk in a quick and excited way,,'to talk in a quick and excited way that is difficult t0',candidate,,
NCTB-SFT-00086,7,class7-english,class7-english-chunk-0007;class7-english-chunk-0008,mcq,What is a ‘babysitter’?,,A teacher | A person who takes care of babies or children | A doctor | A cook,A person who takes care of babies or children,,'noun a person who takes care of babies or children',candidate,,
NCTB-SFT-00087,7,class7-english,class7-english-chunk-0011;class7-english-chunk-0012,passage_grounded_qa,At what time did the function start?,4 pm,,,"""When did the function start?"" Flora asked. ""Oh, it started on time—just at 4 pm,"" Farabi says. ""Our Head Teacher first read out the annual report. Then the chief guest delivered a short speech. He highly praised the overall performance of the school and its excellent JSC and SSC Exam. results. Then he gave away the prizes among the students for their outstanding activities.""","""Oh, it started on time—just at 4 pm,"" Farabi says.",candidate,,
NCTB-SFT-00088,7,class7-english,class7-english-chunk-0011;class7-english-chunk-0012,short_qa,What did Flora want to know about?,The prize-giving ceremony of Farabi’s school.,,,,"""Flora wants to know about the prize-giving ceremony of Farabi’s school.""",candidate,,
NCTB-SFT-00089,7,class7-english,class7-english-chunk-0011;class7-english-chunk-0012,short_qa,What is Farabi’s best friend’s name?,Flora,,,,Farabi is Flora’s best friend.,candidate,,
NCTB-SFT-00090,7,class7-english,class7-english-chunk-0011;class7-english-chunk-0012,mcq,What was decorated on the dais at the prize-giving day?,,The school auditorium | Prizes | The students | The guardians,Prizes,,Prizes were also neatly displayed on a table on the dais.,candidate,,
NCTB-SFT-00091,7,class7-english,class7-english-chunk-0013;class7-english-chunk-0014,short_qa,What did the Head Teacher call Flora?,A highly intelligent child.,,,,"""Good! You’re a highly intelligent child. You know a lot.""",candidate,,
NCTB-SFT-00092,7,class7-english,class7-english-chunk-0015;class7-english-chunk-0016,short_qa,What did Farabi stop talking to his friend because of?,Something sad happened to him.,,,,Farabi didn’t want to talk to Flora because something sad happened to him.,candidate,,
NCTB-SFT-00093,7,class7-english,class7-english-chunk-0015;class7-english-chunk-0016,mcq,Why did Shahana’s husband want her to work in an office?,,Teaching was not a job. | Teaching was less paid. | People did not like teaching. | Shahana didn't have the qualifications.,Teaching was not a job.,,Because he thought teaching was not a job.”,candidate,,
NCTB-SFT-00094,7,class7-english,class7-english-chunk-0019;class7-english-chunk-0021,short_qa,What did Gen Z realize about political establishments?,The ineffectiveness of political establishments.,,,,"""the ineffectiveness of political establishments""",candidate,,
NCTB-SFT-00095,7,class7-english,class7-english-chunk-0019;class7-english-chunk-0021,mcq,What does ‘blessed’ mean in the context of the poem?,,Ordinary | Common | Noble | Unimportant,Noble,,"""blessed = noble""",candidate,,
NCTB-SFT-00096,7,class7-english,class7-english-chunk-0027;class7-english-chunk-0028,mcq,What did Dr Mahmud Hasan do during the Liberation War?,,He took part in the battle. | He worked for the government. | He set up a hospital. | He taught at a school.,He took part in the battle.,,He took part in the battle.,candidate,,
NCTB-SFT-00097,7,class7-english,class7-english-chunk-0031;class7-english-chunk-0032,mcq,In what year did Helen Keller receive her BA degree with Honours?,,1890. | 1892. | 1896. | 1904.,1904.,,In 1904 Helen received her BA degree with Honours from Radcliffe College.,candidate,,
NCTB-SFT-00098,7,class7-english,class7-english-chunk-0031;class7-english-chunk-0032,mcq,Sakhawat Memorial Girls’ High School is which type of school?,,a government school. | a muslim school. | a private school. | a religious school.,a private school.,,Sakhawat Hossain Memorial Girls’ school is a private school.,candidate,,
NCTB-SFT-00099,7,class7-english,class7-english-chunk-0031;class7-english-chunk-0032,mcq,What did Helen Keller learn at Radcliffe College?,,Braille. | How to type. | Cotton plantation management. | Foreign languages.,Braille.,,"Here she learnt Braille, which was a new technique for reading.",candidate,,
NCTB-SFT-00100,7,class7-english,class7-english-chunk-0031;class7-english-chunk-0032,short_qa,What was a new technique for reading that Helen Keller learnt?,Braille.,,,,"Here she learnt Braille, which was a new technique for reading.",candidate,,
NCTB-SFT-00101,7,class7-english,class7-english-chunk-0031;class7-english-chunk-0032,mcq,What was the main source of income for Helen Keller’s family?,,Mining. | Cotton plantation. | Fishing. | Trading.,Cotton plantation.,,Their main source of income was cotton plantation.,candidate,,
NCTB-SFT-00102,7,class7-english,class7-english-chunk-0034;class7-english-chunk-0035,mcq,"According to the poem, what does the poet think we have no time to do?",,play games | stand and stare | read books | listen to music,stand and stare,,"""No time to stand and stare""",candidate,,
NCTB-SFT-00103,7,class7-english,class7-english-chunk-0034;class7-english-chunk-0035,mcq,How much time does Zishan spend on his studies?,,too much | too little | the right amount of time | none of these,the right amount of time,,How much time does Zishan spend on his studies? (hints: too much / too little / the right amount of time),candidate,,
NCTB-SFT-00104,7,class7-english,class7-english-chunk-0034;class7-english-chunk-0035,short_qa,What does ‘glued to’ mean?,giving all your attention to something,,,,Note: glued to : giving all your attention to something,candidate,,
NCTB-SFT-00105,7,class7-english,class7-english-chunk-0034;class7-english-chunk-0035,mcq,What does ‘upload’ mean?,,"copy data, information, etc from one computer system to another or to a disk | transfer information, data to a computer system | play games on computers | share personal updates on Facebook","transfer information, data to a computer system",,"upload : transfer information, data to a computer system",candidate,,
NCTB-SFT-00106,7,class7-english,class7-english-chunk-0034;class7-english-chunk-0035,short_qa,What is the title of the poem?,"""A poor life this is if, full of care""",,,,"""A poor life this is if, full of care""",candidate,,
NCTB-SFT-00107,7,class7-english,class7-english-chunk-0034;class7-english-chunk-0035,short_qa,What time does Zishan wake up?,6:30 am,,,,6:30 am : wake up,candidate,,
NCTB-SFT-00108,7,class7-english,class7-english-chunk-0034;class7-english-chunk-0035,passage_grounded_qa,Where do children often play football?,In the school playground,,,Children often watch football matches of both national and international 4. Children often play football in the school playground.,Children often play football in the school playground.,candidate,,
NCTB-SFT-00109,7,class7-english,class7-english-chunk-0036;class7-english-chunk-0037,mcq,What was the name of the train?,,The Kamalapur Express | The Dewanganj-bound Tista Express | The Arif Khan Train | The Robert Louis Stevenson Train,The Dewanganj-bound Tista Express,,"Zishan, Julie and their parents Mr and Mrs Arif Khan got into a 1* class compartment at Kamalapur Railway Station. It was the Dewanganj-bound Tista Express.",candidate,,
NCTB-SFT-00110,7,class7-english,class7-english-chunk-0036;class7-english-chunk-0037,passage_grounded_qa,Where did Zishan and Julie sit?,By the window beside their parents.,,,The children sat by the window beside their parents.,The children sat by the window beside their parents.,candidate,,
NCTB-SFT-00111,7,class7-english,class7-english-chunk-0055;class7-english-chunk-0056,mcq,What is a common problem experienced in Sundarpur during the summer?,,Frequent rain | Load shedding | Arsenic poisoning | Earthquakes,Load shedding,,"Although there is electricity in Sundarpur, the villagers experience frequent load shedding in summer.",candidate,,
NCTB-SFT-00112,7,class7-english,class7-english-chunk-0055;class7-english-chunk-0056,short_qa,What is the name of Kobita’s village?,The name of Kobita’s village is Sundarpur.,,,,The name of Kobita’s village is Sundarpur.,candidate,,
NCTB-SFT-00113,7,class7-english,class7-english-chunk-0055;class7-english-chunk-0056,mcq,What organization did Paul represent?,,A local NGO | An international NGO | A government agency | A private company,An international NGO,,Paul is a young volunteer of an international NGO in Bangladesh.,candidate,,
NCTB-SFT-00114,7,class7-english,class7-english-chunk-0055;class7-english-chunk-0056,passage_grounded_qa,Where did Paul go on his visit?,Paul went to Sundarpur High School.,,,Paul went to Sundarpur High School to meet the teachers and students there. He was warmly greeted by all.,Paul went to Sundarpur High School to meet the teachers and students there.,candidate,,
NCTB-SFT-00115,7,class7-english,class7-english-chunk-0060;class7-english-chunk-0061,passage_grounded_qa,How long has this early summer been happening?,For the last four or five years.,,,"In fact, we’ve an early summer this year. It’s been happening for the last four or five years. Seasons are shifting.","In fact, we’ve an early summer this year. It’s been happening for the last four or five years.",candidate,,
NCTB-SFT-00116,7,class7-english,class7-english-chunk-0060;class7-english-chunk-0061,short_qa,What is causing seasons to shift?,Climate change.,,,,"Well, it is because of climate change. And many things are happening on this earth due to climate change.",candidate,,
NCTB-SFT-00117,7,class7-english,class7-english-chunk-0060;class7-english-chunk-0061,passage_grounded_qa,What is climbing because of climate change?,Temperatures,,,"And many things are happening on this earth due to climate change. For example, seasons are shifting, temperatures are climbing, and sea levels are rising.",temperatures are climbing,candidate,,
NCTB-SFT-00118,7,class7-english,class7-english-chunk-0060;class7-english-chunk-0061,passage_grounded_qa,What month does summer usually start from?,April,,,Summer usually starts from April. But this year it has started in moving from April to March is a shift,Summer usually starts from April.,candidate,,
NCTB-SFT-00119,7,class7-english,class7-english-chunk-0060;class7-english-chunk-0061,passage_grounded_qa,What month was it when Samina and Arif felt uncomfortable?,March,,,"Samina is in class 7 and Arif in class 6, They both felt very uncomfortable the other day. It was just the beginning of March and the day was very hot.",It was just the beginning of March and the day was very hot.,candidate,,
NCTB-SFT-00120,7,class7-english,class7-english-chunk-0060;class7-english-chunk-0061,mcq,What will happen if things go on like this?,,The planet will become cooler. | Our Planet Earth will be in danger. | Animals will disappear. | Rain will increase.,Our Planet Earth will be in danger.,,"If things go on like this, our Planet Earth will be in danger.",candidate,,
NCTB-SFT-00121,7,class7-english,class7-english-chunk-0062;class7-english-chunk-0063,passage_grounded_qa,What are some of the effects of global warming and climate change in Bangladesh?,Adverse impacts of global warming and climate change,,,Bangladesh is already experiencing the adverse impacts of global warming and climate change.,Bangladesh is already experiencing the adverse impacts of global warming and climate change.,candidate,,
NCTB-SFT-00122,7,class7-english,class7-english-chunk-0062;class7-english-chunk-0063,mcq,What does ‘go on’ mean in the sentence ‘If things go on like this...’?,,to stop | to change times | to continue | to begin,to change times,,In this sentence ‘go on’ means to change times,candidate,,
NCTB-SFT-00123,7,class7-english,class7-english-chunk-0062;class7-english-chunk-0063,passage_grounded_qa,What event is mentioned as a disaster caused by climate change?,The damage caused by the Aila in 2009,,,Climate change has already started bringing disasters to Bangladesh. We remember the damage caused by the Aila in 2009.,We remember the damage caused by the Aila in 2009.,candidate,,
NCTB-SFT-00124,7,class7-english,class7-english-chunk-0062;class7-english-chunk-0063,mcq,What is a ‘prolonged cold spells’?,,Short periods of cold weather. | Long duration of cold waves. | A warm and sunny day. | The beginning of winter.,Long duration of cold waves.,,The phrase ‘prolonged cold spells’ means long duration of cold waves.,candidate,,
NCTB-SFT-00125,7,class7-english,class7-english-chunk-0062;class7-english-chunk-0063,short_qa,What is the estimated number of people who could become homeless due to sea-level rise?,5.5 million,,,,It is estimated that a 45 -centimetre rise of sea-level will flood almost 10.9 percent of our territory and will make 5.5 million people of our coastal regions homeless.,candidate,,
NCTB-SFT-00126,7,class7-english,class7-english-chunk-0062;class7-english-chunk-0063,passage_grounded_qa,What percentage of Bangladesh’s territory could be flooded if the sea level rises by 45 centimetres?,Almost 10.9 percent,,,It is estimated that a 45 -centimetre rise of sea-level will flood almost 10.9 percent of our territory and will make 5.5 million people of our coastal regions homeless.,almost 10.9 percent of our territory,candidate,,
NCTB-SFT-00127,7,class7-english,class7-english-chunk-0062;class7-english-chunk-0063,passage_grounded_qa,What two effects of climate change are currently happening in Bangladesh?,"Summers are becoming hotter, and the monsoon is irregular.",,,Bangladesh is already experiencing the adverse impacts of global warming and climate change. Summers are becoming hotter and the monsoon is irregular.,Summers are becoming hotter and the monsoon is irregular.,candidate,,
NCTB-SFT-00128,7,class7-english,class7-english-chunk-0062;class7-english-chunk-0063,mcq,Which of the following is a danger caused by climate change?,,Decreasing rainfall | Stronger cyclone and tornados | Increased forest cover | Milder temperatures,Stronger cyclone and tornados,,Stronger cyclone and tornados,candidate,,
NCTB-SFT-00129,7,class7-english,class7-english-chunk-0064;class7-english-chunk-0065,short_qa,What can you do instead of using air-conditioning?,Use hand fans.,,,,"You may use bicycles too. You can save energy by changing your lifestyle. For example, you can often avoid the air-conditioning in summer and_ use hand fans instead.",candidate,,
NCTB-SFT-00130,7,class7-english,class7-english-chunk-0066;class7-english-chunk-0067,short_qa,Who sat with Helen in class and helped her by interpreting lectures?,Anne Sullivan,,,,Anne Sullivan was always with Helen. She sat with Helen in class and hi...,candidate,,
NCTB-SFT-00131,7,class7-english,class7-english-chunk-0068;class7-english-chunk-0069,short_qa,What did the wise old man tell Alam?,"If you run from sunrise to sunset, all the land you cover will be yours.",,,,"“If you run from sunrise to sunset, all the land you cover will be yours,” he said.",candidate,,
NCTB-SFT-00132,7,class7-english,class7-english-chunk-0068;class7-english-chunk-0069,short_qa,What did they stand at after weeks of climbing?,The summit,,,,"Finally, after weeks of climbing, they stood at the summit...",candidate,,
NCTB-SFT-00133,7,class7-english,class7-english-chunk-0068;class7-english-chunk-0069,mcq,What was the height of Mount Everest?,,"7,912 meters | 8,848 meters | 6,000 meters | 9,000 meters","8,848 meters",,"Mount Everest, the world's highest peak at 8,848 meters (29,029 feet).",candidate,,
NCTB-SFT-00134,7,class7-english,class7-english-chunk-0068;class7-english-chunk-0069,passage_grounded_qa,What were some of the challenges faced by Hillary and Tenzing during their climb?,"Harsh weather, freezing temperatures, and thin air.",,,"The journey to the top of Everest was extremely challenging. Harsh weather, freezing temperatures, and thin air made the climb dangerous.","Harsh weather, freezing temperatures, and thin air made the climb dangerous.",candidate,,
NCTB-SFT-00135,7,class7-english,class7-english-chunk-0068;class7-english-chunk-0069,short_qa,Who knighted Edmund Hillary?,Queen Elizabeth II,,,,Edmund Hillary was later knighted by Queen Elizabeth II...,candidate,,
NCTB-SFT-00136,7,class7-english,class7-english-chunk-0070;class7-english-chunk-0071,short_qa,What degree did Helen Keller earn?,A BA degree with honors.,,,,"It allowed her to gain knowledge, develop her commu- nication skills, and earn a BA degree with honors...",candidate,,
NCTB-SFT-00137,7,class7-english,class7-english-chunk-0070;class7-english-chunk-0071,short_qa,What did Alam learn at the end of the story?,Greed leads to destruction. Be content with what you have.,,,,Greed leads to destruction. Be content with what you have.” Alam learned his lesson and returned to his village...,candidate,,
NCTB-SFT-00138,7,class7-english,class7-english-chunk-0070;class7-english-chunk-0071,passage_grounded_qa,What is the name of the greedy farmer?,Alam,,,"The Greedy Farmer’s Lesson In a small village, there lived a greedy farmer named Alam. He had plenty of land and cattle, but he always wanted more.","In a small village, there lived a greedy farmer named Alam.",candidate,,
NCTB-SFT-00139,7,class7-english,class7-english-chunk-0070;class7-english-chunk-0071,mcq,What motivated Alam’s actions?,,A desire for knowledge | Greed | A sense of duty | Fear of failure,Greed,,"Alam, driven by greed, decided to take the challenge.",candidate,,
NCTB-SFT-00140,7,class7-english,class7-english-chunk-0070;class7-english-chunk-0071,short_qa,What was Helen Keller’s initial disability?,"She became deaf, dumb, and blind.",,,,"The turning point in Helen Keller’s life was when she became deaf, dumb, and blind after a high fever in 1882.",candidate,,
NCTB-SFT-00141,7,class7-english,class7-english-chunk-0070;class7-english-chunk-0071,mcq,What was the main reason for Hillary and Tenzing’s achievement?,,Their physical strength | Determination and teamwork | Government funding | Expert mountaineering skills,Determination and teamwork,,They succeeded through determination and teamwork.,candidate,,
NCTB-SFT-00142,7,class7-english,class7-english-chunk-0070;class7-english-chunk-0071,passage_grounded_qa,When did Hillary and Tenzing reach the summit of Mount Everest?,"May 29, 1953",,,"On May 29, 1953, Sir Edmund Hillary and Tenzing Norgay became the first people to reach the summit of Mount Everest, the world’s highest peak.","On May 29, 1953, Sir Edmund Hillary and Tenzing Norgay became the first people to reach the summit of Mount Everest...",candidate,,
NCTB-SFT-00143,8,class8-english,class8-english-chunk-0005;class8-english-chunk-0006,passage_grounded_qa,For how long has the art of creating Nakshi Kantha been practiced?,Centuries,,,The art has been practised in rural Bangladesh for centuries.,The art has been practised in rural Bangladesh for centuries.,candidate,,
NCTB-SFT-00144,8,class8-english,class8-english-chunk-0005;class8-english-chunk-0006,mcq,What has increased the demand for Nakshi Kantha quilts?,,Their simplicity | The colourful patterns and designs embroidered on them | Their plain colours | Their large size,The colourful patterns and designs embroidered on them,,The quilts are now in great ~ demand because of the colourful patterns and designs embroidered on them.,candidate,,
NCTB-SFT-00145,8,class8-english,class8-english-chunk-0005;class8-english-chunk-0006,mcq,What is the origin of Nakshi Kantha?,,China | Bangladesh and West Bengal in India | Japan | Pakistan,Bangladesh and West Bengal in India,,It is a kind of traditional craft and is said to be indigenous to Bangladesh and West Bengal in India.,candidate,,
NCTB-SFT-00146,8,class8-english,class8-english-chunk-0005;class8-english-chunk-0006,short_qa,What kind of family did Hason Raja belong to?,A Bengali Muslim zaminder family.,,,,"He was born on 21st December 1854 in Teghoriya village of Lakshmansree Parghana, now Sunamganj to a Bengali Muslim zaminder family.",candidate,,
NCTB-SFT-00147,8,class8-english,class8-english-chunk-0005;class8-english-chunk-0006,passage_grounded_qa,What materials are used to create traditional Nakshi Kantha quilts?,Old or new cloth and thread are used.,,,Traditional kanthas are made for family use. Old or new cloth and thread are used to make these quilts.,Traditional kanthas are made for family use. Old or new cloth and thread are used to make these quilts.,candidate,,
NCTB-SFT-00148,8,class8-english,class8-english-chunk-0005;class8-english-chunk-0006,mcq,Where is the museum dedicated to preserving Hason Raja's memory located?,,Dhaka | Khulna | Sylhet | Rajshahi,Sylhet,,"Today, a museum in Sylhet is dedicated to preserving his memory and contributions.",candidate,,
NCTB-SFT-00149,8,class8-english,class8-english-chunk-0005;class8-english-chunk-0006,short_qa,Where was Hason Raja born?,"Teghoriya village of Lakshmansree Parghana, now Sunamganj.",,,,"He was born on 21st December 1854 in Teghoriya village of Lakshmansree Parghana, now Sunamganj to a Bengali Muslim zaminder family.",candidate,,
NCTB-SFT-00150,8,class8-english,class8-english-chunk-0005;class8-english-chunk-0006,mcq,Which region is most famous for producing Nakshi Kantha?,,Barisal | Mymensingh | Khulna | Rangpur,Mymensingh,,"Mymensingh, Jamalpur, Rajshahi, Faridpur, Bogura and Jashore are most famous for this craft.",candidate,,
NCTB-SFT-00151,8,class8-english,class8-english-chunk-0007;class8-english-chunk-0009,mcq,Approximately how many languages are spoken in Bangladesh?,,10 | 25 | 35 | 50,35,,"Moreover, these communities speak at least 35 distinct languages, adding to the country's cultural richness.",candidate,,
NCTB-SFT-00152,8,class8-english,class8-english-chunk-0007;class8-english-chunk-0009,mcq,What is Hilsha considered to be by the people of Bangladesh?,,A common fish | Very popular | Rare and expensive | Unpopular,Very popular,,Hilsha is very popular among the people of Bangladesh.,candidate,,
NCTB-SFT-00153,8,class8-english,class8-english-chunk-0007;class8-english-chunk-0009,mcq,What is the staple food of Bangladesh?,,Rice | Wheat | Corn | Barley,Rice,,Boiled rice is our staple food.,candidate,,
NCTB-SFT-00154,8,class8-english,class8-english-chunk-0007;class8-english-chunk-0009,passage_grounded_qa,Where is fish cultivated in Bangladesh?,In ponds.,,,Fish is the main source of protein. Fish are now cultivated in ponds.,Fish are now cultivated in ponds.,candidate,,
NCTB-SFT-00155,8,class8-english,class8-english-chunk-0010;class8-english-chunk-0011,short_qa,What is pitha?,"A type of cakes made from rice flour, sugar, syrup, molasses and sometimes milk.",,,,"Pitha, a type of cakes made from rice flour, sugar, syrup, molasses and sometimes milk...",candidate,,
NCTB-SFT-00156,8,class8-english,class8-english-chunk-0010;class8-english-chunk-0011,mcq,What is the main ingredient in many Bangladeshi sweets?,,Wheat flour | Rice flour | Corn flour | Potato starch,Rice flour,,"Pitha, a type of cakes made from rice flour...",candidate,,
NCTB-SFT-00157,8,class8-english,class8-english-chunk-0010;class8-english-chunk-0011,mcq,Which of the following is a common Bangladeshi sweet?,,Pizza | Roshogolla | Pasta | Sushi,Roshogolla,,"The common ones are roshogolla, shondesh, roshmalai, gulab jam, kalo jam and chomchom.",candidate,,
NCTB-SFT-00158,8,class8-english,class8-english-chunk-0014;class8-english-chunk-0016,short_qa,Butter and ghee are a good source of what?,fat,,,,Butter and ghee are a good source of a. protein. b. fat. c. vitamins. d. carbohydrate.,candidate,,
NCTB-SFT-00159,8,class8-english,class8-english-chunk-0014;class8-english-chunk-0016,short_qa,What does a balanced diet contain?,A lot of vitamins and minerals.,,,,They contain a lot of vitamins and minerals. They keep our body free from diseases.,candidate,,
NCTB-SFT-00160,8,class8-english,class8-english-chunk-0014;class8-english-chunk-0016,mcq,What does milk contain?,,protein | fat | calcium | carbohydrate,calcium,,Milk is highly rich in calcium.,candidate,,
NCTB-SFT-00161,8,class8-english,class8-english-chunk-0014;class8-english-chunk-0016,mcq,What should we do regularly to keep our body fit?,,Eat only sweets | Exercise regularly | Stay up late | Drink sugary drinks,Exercise regularly,,We have to take a balanced diet. We must exercise regularly to keep our body fit for work.,candidate,,
NCTB-SFT-00162,8,class8-english,class8-english-chunk-0014;class8-english-chunk-0016,mcq,Which food has the most carbohydrate?,,Sugar | Rice | Fruits | Vegetables,Rice,,Which food has the most carbohydrate? a. Sugar b. Rice c. Fruits d. Vegetables,candidate,,
NCTB-SFT-00163,8,class8-english,class8-english-chunk-0017;class8-english-chunk-0018,short_qa,What does ‘hygiene’ mean?,The practice of keeping ourselves clean.,,,,The word ‘hygiene’ means the practice of keeping ourselves clean.,candidate,,
NCTB-SFT-00164,8,class8-english,class8-english-chunk-0019;class8-english-chunk-0020,passage_grounded_qa,How can we obtain safe drinking water?,By boiling and filtering.,,,We can get safe water by boiling and filtering.,Our drinking water must be safe. We can get safe water by boiling and filtering.,candidate,,
NCTB-SFT-00165,8,class8-english,class8-english-chunk-0019;class8-english-chunk-0020,mcq,What does the doctor advise Zahir Ali to do?,,To play sports. | To have a chest X-ray immediately. | To eat more vegetables. | To sleep early.,To have a chest X-ray immediately.,,I also advise you to have a chest X-ray immediately.,candidate,,
NCTB-SFT-00166,8,class8-english,class8-english-chunk-0019;class8-english-chunk-0020,mcq,What is important for mental health?,,Cleanliness. | Exercise. | A healthy diet. | Bright sunshine.,Cleanliness.,,Cleanliness is very important for mental health.,candidate,,
NCTB-SFT-00167,8,class8-english,class8-english-chunk-0019;class8-english-chunk-0020,short_qa,What should we do to keep the body and hair free from dirt and bacteria?,We should have a bath every day and wash our hair regularly.,,,,We should have a bath every day and wash our hair regularly.,candidate,,
NCTB-SFT-00168,8,class8-english,class8-english-chunk-0019;class8-english-chunk-0020,passage_grounded_qa,When should you brush your teeth?,After breakfast and supper.,,,"We should brush our teeth twice a day, after breakfast and supper.","We should brush our teeth twice a day, after breakfast and supper.",candidate,,
NCTB-SFT-00169,8,class8-english,class8-english-chunk-0019;class8-english-chunk-0020,passage_grounded_qa,Who greets the doctor and asks about his father's condition?,Rabi.,,,"Rabi: Good evening, doctor. Doctor: Good evening. How is your father today?","Rabi =: Good evening, doctor.",candidate,,
NCTB-SFT-00170,8,class8-english,class8-english-chunk-0019;class8-english-chunk-0020,mcq,Why should we wear socks and shoes?,,To look smart. | To protect our feet from dust and germs. | To keep our feet warm. | To play sports.,To protect our feet from dust and germs.,,We should wear socks and shoes when we go out to protect our feet from dust and germs.,candidate,,
NCTB-SFT-00171,8,class8-english,class8-english-chunk-0021;class8-english-chunk-0022,mcq,"According to Mr. Larma, what is a major benefit of regular physical exercise?",,Increased appetite | Improved memory | Keeps you fit for work | Better sleep,Keeps you fit for work,,"""It keeps you fit for work.""",candidate,,
NCTB-SFT-00172,8,class8-english,class8-english-chunk-0021;class8-english-chunk-0022,short_qa,What bad habit did his father have?,He used to smoke heavily.,,,,He used to smoke heavily. He got the bad habit from his college days.,candidate,,
NCTB-SFT-00173,8,class8-english,class8-english-chunk-0021;class8-english-chunk-0022,short_qa,What did Rabi’s mother and she try to do?,Stop father from smoking.,,,,Both mother and I tried to stop father from smoking.,candidate,,
NCTB-SFT-00174,8,class8-english,class8-english-chunk-0021;class8-english-chunk-0022,short_qa,What does Mr. Larma suggest for indoor exercises?,Freehand exercises.,,,,"""In the house, you can do some freehand exercises.""",candidate,,
NCTB-SFT-00175,8,class8-english,class8-english-chunk-0021;class8-english-chunk-0022,mcq,What is the poisonous substance in tobacco leaves?,,Water | Nicotine | Carbon Dioxide | Oxygen,Nicotine,,There were dark marks on his lungs. The doctor explained to him that the marks were the signs of lung cancer. He also explained that a poisonous substance called nicotine is in tobacco leaves;,candidate,,
NCTB-SFT-00176,8,class8-english,class8-english-chunk-0021;class8-english-chunk-0022,short_qa,What was the doctor's diagnosis?,Lung cancer.,,,,There were dark marks on his lungs. The doctor explained to him that the marks were the signs of lung cancer.,candidate,,
NCTB-SFT-00177,8,class8-english,class8-english-chunk-0023;class8-english-chunk-0024,short_qa,What did the students decide to do?,Start working immediately.,,,,“We'll make the committee now and start working immediately.”,candidate,,
NCTB-SFT-00178,8,class8-english,class8-english-chunk-0023;class8-english-chunk-0024,passage_grounded_qa,What question did Ms. Saha ask?,Why is the classroom so dirty?,,,"Ms Subarna Saha, the class teacher, has just entered the classroom. She is now talking to the students. ""Why is the classroom so dirty?"" asks Ms. Saha.","""Why is the classroom so dirty?"" asks Ms. Saha.",candidate,,
NCTB-SFT-00179,8,class8-english,class8-english-chunk-0023;class8-english-chunk-0024,mcq,What should the students do according to the rules?,,Spit in the classroom. | Drop litter in the classroom. | Use the bin for trash. | Keep the desks and chairs in place.,Use the bin for trash.,,Here is a list of some of the rules: e Do not spit in the classroom. e Do not drop litter in the classroom. e Use the bin for trash. @ Keep the desks and chairs in place.,candidate,,
NCTB-SFT-00180,8,class8-english,class8-english-chunk-0025;class8-english-chunk-0026,passage_grounded_qa,What is the first question posed about finding information in a book?,How would you know which page to look for it? What do you do?,,,1. How would you know which page to look for it? What do you do?,1. How would you know which page to look for it? What do you do?,candidate,,
NCTB-SFT-00181,8,class8-english,class8-english-chunk-0025;class8-english-chunk-0026,mcq,What is the title of the first unit?,,The Kiwi | The Camel | The Polar Bear | The Hippopotamus,The Kiwi,,1. The Kiwi 3,candidate,,
NCTB-SFT-00182,8,class8-english,class8-english-chunk-0025;class8-english-chunk-0026,short_qa,What is the title of the table of contents page?,Check Your References,,,,Check Your References 35 Lesson 1: Introducing a Table of Contents,candidate,,
NCTB-SFT-00183,8,class8-english,class8-english-chunk-0025;class8-english-chunk-0026,passage_grounded_qa,What question does the text raise regarding using just a book's title?,Does the title only give you enough information about what the book is all about?,,,You get a new book in hand. You see the title of the book and you want to read it. But does the title only give you enough information about what the book is all about?,You get a new book in hand. You see the title of the book and you want to read it. But does the title only give you enough information about what the book is all about?,candidate,,
NCTB-SFT-00184,8,class8-english,class8-english-chunk-0030;class8-english-chunk-0031,passage_grounded_qa,How are words arranged in a dictionary?,In alphabetical order.,,,The words in a dictionary are presented in alphabetical order. It follows the alphabetical order of letters.,The words in a dictionary are presented in alphabetical order.,candidate,,
NCTB-SFT-00185,8,class8-english,class8-english-chunk-0030;class8-english-chunk-0031,passage_grounded_qa,In what order do words starting with the letter 'D' appear in a dictionary?,"Dark, deep, and doctor.",,,"For example, the words ‘dark, ‘doctor’ and ‘deep’ all start with the letter D. These words appear in the dictionary in the order of dark, deep and doctor.","‘dark, ‘doctor’ and ‘deep’ all start with the letter D. These words appear in the dictionary in the order of dark, deep and doctor.",candidate,,
NCTB-SFT-00186,8,class8-english,class8-english-chunk-0030;class8-english-chunk-0031,short_qa,What is a dictionary?,A collection of words.,,,,A dictionary is a collection of words.,candidate,,
NCTB-SFT-00187,8,class8-english,class8-english-chunk-0030;class8-english-chunk-0031,passage_grounded_qa,What should you do while completing activities related to dictionaries?,Use a dictionary or a dictionary page.,,,"While doing the activities, use a dictionary or a dictionary page as much as you can.","While doing the activities, use a dictionary or a dictionary page as much as you can.",candidate,,
NCTB-SFT-00188,8,class8-english,class8-english-chunk-0030;class8-english-chunk-0031,passage_grounded_qa,Where should you look to find words starting with a specific letter in a dictionary?,At the top of the page.,,,"To find the words with a letter, look at the words at the top of the page.","To find the words with a letter, look at the words at the top of the page.",candidate,,
NCTB-SFT-00189,8,class8-english,class8-english-chunk-0032;class8-english-chunk-0033,short_qa,What does a dictionary give us?,The meaning/meanings of a word.,,,,A dictionary gives us the meaning/meanings of a word.,candidate,,
NCTB-SFT-00190,8,class8-english,class8-english-chunk-0032;class8-english-chunk-0033,short_qa,What does a word may have?,More than one meaning.,,,,A word may have more than one meaning.,candidate,,
NCTB-SFT-00191,8,class8-english,class8-english-chunk-0032;class8-english-chunk-0033,passage_grounded_qa,What does ‘dry’ mean in this sentence?,"Not wet, not damp, not sticky.",,,The river becomes dry during the summer.,"not wet, not damp, not sticky: The river becomes dry during the summer.",candidate,,
NCTB-SFT-00192,8,class8-english,class8-english-chunk-0032;class8-english-chunk-0033,short_qa,What is an antonym?,A word that means the opposite of another word.,,,,'An antonym is a word that means the opposite of another word.',candidate,,
NCTB-SFT-00193,8,class8-english,class8-english-chunk-0032;class8-english-chunk-0033,passage_grounded_qa,What kind of words are ‘right’ and ‘wrong’?,Antonyms,,,'right' and 'wrong' are examples of antonyms.,'right' and 'wrong' are examples of antonyms.,candidate,,
NCTB-SFT-00194,8,class8-english,class8-english-chunk-0032;class8-english-chunk-0033,mcq,Which of the following best describes a synonym?,,A word with a completely different meaning. | A word that means the same or almost the same as another word. | A word used to express sadness. | A word describing something large.,A word that means the same or almost the same as another word.,,A synonym is a word that means the same or almost the same as another word.,candidate,,
NCTB-SFT-00195,8,class8-english,class8-english-chunk-0034;class8-english-chunk-0035,mcq,What did Seryozha do with the siskin for two days?,,"He let it fly free. | He ignored it. | He fed it grain, changed its water and cleaned the cage. | He built a new nest.","He fed it grain, changed its water and cleaned the cage.",,"Seryozha put the siskin in a cage, and for two days he fed it grain, changed its water and cleaned the cage.",candidate,,
NCTB-SFT-00196,8,class8-english,class8-english-chunk-0034;class8-english-chunk-0035,mcq,What did Seryozha’s mother initially say about the bird catching net?,,It was a wonderful toy. | It was a nice gift. | It's not a nice toy at all. | It was perfectly safe.,It's not a nice toy at all.,,"His mother said, “It's not a nice toy at all. What do you want to do with little birds? Why do you want to torment them?”",candidate,,
NCTB-SFT-00197,8,class8-english,class8-english-chunk-0034;class8-english-chunk-0035,passage_grounded_qa,What happened when Seryozha cleaned the cage?,The siskin became frightened and beat its wings.,,,"Seryozha stuck his hand into the cage and began cleaning it, but the siskin became frightened and beat its wings against the cage.","Seryozha stuck his hand into the cage and began cleaning it, but the siskin became frightened and beat its wings against the cage.",candidate,,
NCTB-SFT-00198,8,class8-english,class8-english-chunk-0034;class8-english-chunk-0035,mcq,What kind of bird did Seryozha initially think he had caught?,,A robin | A nightingale | A sparrow | A pigeon,A nightingale,,"""Look, Mamma! I've caught a bird. It must be a nightingale.""",candidate,,
NCTB-SFT-00199,8,class8-english,class8-english-chunk-0039;class8-english-chunk-0040,mcq,What did the bears dance to?,,"Music from Earth | The Aurora Australis | Paw in paw, stepping in unison | A spotlight","Paw in paw, stepping in unison",,"Yet, it might be asked, what music do the descendants dance to? Paw in paw, stepping in unison what music can they possibly hear inside their heads as they dance under the full moon and the Aurora Australis, as they dance in brilliant silence?",candidate,,
NCTB-SFT-00200,8,class8-english,class8-english-chunk-0039;class8-english-chunk-0040,short_qa,What did the bears perform?,Splendid circus tricks.,,,,"it was discovered that all of them, to a bear, were performing splendid circus tricks.",candidate,,
NCTB-SFT-00201,8,class8-english,class8-english-chunk-0039;class8-english-chunk-0040,mcq,What kind of animal was a jaguar?,,A bird | A large wild cat | A reptile | An insect,A large wild cat,,Jaguar: A large wild cat found mainly in South America.,candidate,,
NCTB-SFT-00202,8,class8-english,class8-english-chunk-0039;class8-english-chunk-0040,mcq,What was Kodiak?,,A type of tree | A type of bear | A type of fish | A type of bird,A type of bear,,Note Kodiak: A type of bear that comes from Kodiak Island in Alaska.,candidate,,
NCTB-SFT-00203,8,class8-english,class8-english-chunk-0039;class8-english-chunk-0040,short_qa,Where did the bears eventually populate?,The entire island.,,,,After a number of generations populated the entire island.,candidate,,
NCTB-SFT-00204,8,class8-english,class8-english-chunk-0041;class8-english-chunk-0042,mcq,How long after the circus incident did scientists discover the bears again?,,20 years | 50 years | 70 years | 100 years,70 years,,c) 70 years,candidate,,
NCTB-SFT-00205,8,class8-english,class8-english-chunk-0041;class8-english-chunk-0042,mcq,What did Mr. Kobayashi believe was important for children to learn?,,Through textbooks and lectures. | By actually seeing things done. | Through formal teaching qualifications. | Through memorization and repetition.,By actually seeing things done.,,He thought it important for children to learn by actually seeing things done.,candidate,,
NCTB-SFT-00206,8,class8-english,class8-english-chunk-0041;class8-english-chunk-0042,passage_grounded_qa,What did the headmaster ask the farmer to do?,Tell the children what to do and let’s get started.,,,"""Now then,” he said to the farmer, “tell the children what to do, and let's get started.""","""Now then,” he said to the farmer, “tell the children what to do, and let's get started.”",candidate,,
NCTB-SFT-00207,8,class8-english,class8-english-chunk-0041;class8-english-chunk-0042,short_qa,What feature makes the crater unique?,Its walls are chalk white and reflective.,,,,b) Its walls are chalk white and reflective.,candidate,,
NCTB-SFT-00208,8,class8-english,class8-english-chunk-0041;class8-english-chunk-0042,mcq,What unusual discovery did scientists make about the descendants of the original bears?,,They had become smaller in size. | They performed circus tricks naturally. | They had developed new hunting techniques. | They had become nocturnal.,They had developed new hunting techniques.,,c) They had developed new hunting techniques.,candidate,,
NCTB-SFT-00209,8,class8-english,class8-english-chunk-0041;class8-english-chunk-0042,short_qa,Why did the bears thrive on the uninhabited island?,They found an ideal climate and environment.,,,,b) They found an ideal climate and environment.,candidate,,
NCTB-SFT-00210,8,class8-english,class8-english-chunk-0043;class8-english-chunk-0044,passage_grounded_qa,What did the teacher say to Ta-chan when a snake almost bit him?,"""The snakes here ain't poisonous, and they won't hurt you if you don't hurt them.""",,,"A little snake put its head out and very nearly bit the hand of Ta-chan, one of the older boys, but the farming teacher reassured him, “The snakes here ain't poisonous, and they won't hurt you if you don't hurt them.”","""A little snake put its head out and very nearly bit the hand of Ta-chan, one of the older boys, but the farming teacher reassured him, “The snakes here ain't poisonous, and they won't hurt you if you don't hurt them.”""",candidate,,
NCTB-SFT-00211,8,class8-english,class8-english-chunk-0043;class8-english-chunk-0044,short_qa,What happened when two or three children were gathered together?,Talk would turn to the progress of their field.,,,,"""And whenever two or three of them were gathered together, talk would turn to the progress of their field.”""",candidate,,
NCTB-SFT-00212,8,class8-english,class8-english-chunk-0043;class8-english-chunk-0044,passage_grounded_qa,What was true about the children despite other events happening?,They were still enfolded in the very heart of peace.,,,But S as the children discussed their tiny field - they were still enfolded in the very heart of peace.,"""But S as the children discussed their tiny field - they were still enfolded in the very heart of peace.”""",candidate,,
NCTB-SFT-00213,8,class8-english,class8-english-chunk-0043;class8-english-chunk-0044,short_qa,Where were the children assembled?,Besides the Kuhonbutsu pond.,,,,"""Let's begin then,"" said the farming teacher. The place where they were assembled was besides the Kuhonbutsu pond and it was a particularly quiet section--a pleasant place, where the pond was shaded by trees.”",candidate,,
NCTB-SFT-00214,8,class8-english,class8-english-chunk-0043;class8-english-chunk-0044,passage_grounded_qa,Who reported on the progress of the field?,Someone would visit the field and report to the head-master and the other children.,,,Every day someone would visit the field and report to the head-master and the other children on how it was doing.,"""Every day someone would visit the field and report to the head-master and the other children on how it was doing.”""",candidate,,
NCTB-SFT-00215,8,class8-english,class8-english-chunk-0045;class8-english-chunk-0047,passage_grounded_qa,What carries the independent identity of their culture?,"Musical instruments, folk songs and traditional dances.",,,"Musical instruments, folk songs and traditional dances also carry independent identity of their culture.","Musical instruments, folk songs and traditional dances also carry independent identity of their culture.",candidate,,
NCTB-SFT-00216,8,class8-english,class8-english-chunk-0045;class8-english-chunk-0047,short_qa,What did the children feel while working on the field?,A sense of peace.,,,,"Despite the terrible things happening in the world, the children felt a sense of peace while working on their field.",candidate,,
NCTB-SFT-00217,8,class8-english,class8-english-chunk-0045;class8-english-chunk-0047,passage_grounded_qa,What do the designs and patterns of the clothes represent?,The pride of the richness of their cultural heritage and creativity.,,,The design and patterns of these clothes reflect the pride of the richness of their cultural heritage and creativity.,The design and patterns of these clothes reflect the pride of the richness of their cultural heritage and creativity.,candidate,,
NCTB-SFT-00218,8,class8-english,class8-english-chunk-0045;class8-english-chunk-0047,short_qa,What does 'dilapidated' mean?,Something or someone causing inconvenience or annoyance.,,,,nuisance — something or someone causing inconvenience or annoyance.,candidate,,
NCTB-SFT-00219,8,class8-english,class8-english-chunk-0045;class8-english-chunk-0047,mcq,What is one reason why ethnic communities are struggling?,,"A lack of natural resources | The beauty of small ethnic communities lies in their peaceful lifestyle, strong traditions and deep connection with nature. | An abundance of cultural diversity | Increased government support","The beauty of small ethnic communities lies in their peaceful lifestyle, strong traditions and deep connection with nature.",,"Still, the beauty of small ethnic communities lies in their peaceful lifestyle, strong traditions and deep connection with nature.",candidate,,
NCTB-SFT-00220,8,class8-english,class8-english-chunk-0045;class8-english-chunk-0047,mcq,What type of attire did the new teacher wear?,,"A suit and tie | Formal attire, including a necktie and dress shoes | Casual clothes like jeans and a t-shirt | Traditional ethnic clothing","Formal attire, including a necktie and dress shoes",,"The new teacher was wearing formal attire, including a necktie and dress shoes.",candidate,,
NCTB-SFT-00221,8,class8-english,class8-english-chunk-0051;class8-english-chunk-0052,passage_grounded_qa,What does Mita do at the immigration booth?,She hands in her passport and the departure card to the officer.,,,Mita stands in front of one of the booths. She hands in her passport and the departure card to the officer.,She hands in her passport and the departure card to the officer.,candidate,,
NCTB-SFT-00222,8,class8-english,class8-english-chunk-0051;class8-english-chunk-0052,short_qa,What does Mita say when the officer asks if it’s her first visit to Thailand?,Yes.,,,,'Yes.',candidate,,
NCTB-SFT-00223,8,class8-english,class8-english-chunk-0051;class8-english-chunk-0052,mcq,What does the officer ask Mita?,,‘Are you travelling alone?’ | ‘Where are you going to stay?’ | ‘How long are you going to stay there?’ | ‘Is this your first visit to Thailand?’,‘Are you travelling alone?’,,'Are you travelling alone?' asks the officer.,candidate,,
NCTB-SFT-00224,8,class8-english,class8-english-chunk-0051;class8-english-chunk-0052,passage_grounded_qa,What does the officer say before returning Mita’s passport?,"""Have a safe journey.""",,,"The officer keeps the departure card, and returns the passport to Mita. ""Have a safe journey.""","""Have a safe journey.”",candidate,,
NCTB-SFT-00225,8,class8-english,class8-english-chunk-0051;class8-english-chunk-0052,short_qa,What is Mita’s full name?,Mita Sultana Ahmed,,,,Mita’s full name is Mita Sultana Ahmed.,candidate,,
NCTB-SFT-00226,8,class8-english,class8-english-chunk-0051;class8-english-chunk-0052,mcq,What is the flight number for Mita’s trip to Thailand?,,BG 88 | FG 99 | HK 123 | KL 456,BG 88,,flight number BG 88 on 14 July 2012.,candidate,,
NCTB-SFT-00227,8,class8-english,class8-english-chunk-0051;class8-english-chunk-0052,mcq,What type of visa does Mita have?,,Student Visa | Tourist Visa | Work Visa | Business Visa,Tourist Visa,,"The visa is valid for three months. It will expire on September 27, 2012. It is a tourist visa.",candidate,,
NCTB-SFT-00228,8,class8-english,class8-english-chunk-0051;class8-english-chunk-0052,short_qa,When does Mita’s passport expire?,8 June 2015,,,,It will expire on 8 June 2015.,candidate,,
NCTB-SFT-00229,8,class8-english,class8-english-chunk-0051;class8-english-chunk-0052,passage_grounded_qa,Where do Mita and her family go after completing immigration?,The passengers’ departure lounge,,,"Once all of them are done, they walk towards the passengers’ departure lounge.",they walk towards the passengers’ departure lounge.,candidate,,
NCTB-SFT-00230,8,class8-english,class8-english-chunk-0051;class8-english-chunk-0052,mcq,Where is Mita going to stay?,,A hostel | A hotel | A campsite | An Airbnb,A hotel,,‘Where are you going to stay?’ ‘In a hotel.’,candidate,,
NCTB-SFT-00231,8,class8-english,class8-english-chunk-0053;class8-english-chunk-0054,short_qa,What is mentioned as a reason for not allowing liquids on board?,Security reasons.,,,,"For security reasons, the officials who do the baggage checking will seize and throw them away”",candidate,,
NCTB-SFT-00232,8,class8-english,class8-english-chunk-0053;class8-english-chunk-0054,mcq,What is the name of the airline?,,Air India | Bangladesh Biman | United Airlines | Delta Airlines,Bangladesh Biman,,Thank you for choosing Bangladesh Biman.,candidate,,
NCTB-SFT-00233,8,class8-english,class8-english-chunk-0055;class8-english-chunk-0056,passage_grounded_qa,How long should you keep your oxygen mask on?,Until a uniformed crew member advises you to remove it.,,,Keep your mask on until a uniformed crew member advises you to remove it.,Keep your mask on until a uniformed crew member advises you to remove it.,candidate,,
NCTB-SFT-00234,8,class8-english,class8-english-chunk-0055;class8-english-chunk-0056,mcq,What is prohibited on this flight?,,Eating and drinking | Smoking | Using electronic devices | Talking to other passengers,Smoking,,We remind you that this is a nonsmoking flight.,candidate,,
NCTB-SFT-00235,8,class8-english,class8-english-chunk-0055;class8-english-chunk-0056,short_qa,What is the captain’s name?,Rashid Akbar,,,,Good afternoon passengers. This is your captain Rashid Akbar speaking.,candidate,,
NCTB-SFT-00236,8,class8-english,class8-english-chunk-0055;class8-english-chunk-0056,mcq,What position should you assume in the event of an emergency?,,Standing up straight | The bracing-position | Lying on your side | Sitting comfortably,The bracing-position,,"In the event of an emergency, please assume the bracing position.",candidate,,
NCTB-SFT-00237,8,class8-english,class8-english-chunk-0055;class8-english-chunk-0056,short_qa,What should you do to inflate the vest?,Pull firmly on the red cord.,,,,"To inflate the vest, pull firmly on the red cord,",candidate,,
NCTB-SFT-00238,8,class8-english,class8-english-chunk-0055;class8-english-chunk-0056,short_qa,What temperature is it in Bangkok?,32 degree Celsius,,,,The temperature is 32 degree Celsius for this afternoon.,candidate,,
NCTB-SFT-00239,8,class8-english,class8-english-chunk-0055;class8-english-chunk-0056,passage_grounded_qa,What will passengers be able to see if the weather is good?,A great view of the city,,,"If the weather is good, we should get a great view of the city as we descend.","If the weather is good, we should get a great view of the city as we descend.",candidate,,
NCTB-SFT-00240,8,class8-english,class8-english-chunk-0055;class8-english-chunk-0056,mcq,What will the cabin crew offer passengers?,,A full meal | A light snack and drinks | An hour-long movie | A detailed flight map,A light snack and drinks,,The cabin crew will be coming around in about twenty minute’s time to offer you a light snack and drinks.,candidate,,
NCTB-SFT-00241,8,class8-english,class8-english-chunk-0055;class8-english-chunk-0056,short_qa,Where is the life vest located?,In a pouch under your seat or between the armrests.,,,,A life vest is located in a pouch under your seat or between the armrests.,candidate,,
NCTB-SFT-00242,8,class8-english,class8-english-chunk-0059;class8-english-chunk-0061,short_qa,How long did it take to reach their destination?,About one and a half hours.,,,,It about one and a half hours to reach their destination.,candidate,,
NCTB-SFT-00243,8,class8-english,class8-english-chunk-0059;class8-english-chunk-0061,mcq,How often did the trade take place at the Tha Kha floating market?,,"Every day. | Only on Sundays. | Fridays, Saturdays and Sundays. | Only during the full moon.","Fridays, Saturdays and Sundays.",,"Nowadays, the trade takes place on Fridays, Saturdays and Sundays too.",candidate,,
NCTB-SFT-00244,8,class8-english,class8-english-chunk-0059;class8-english-chunk-0061,short_qa,What did Mita read about?,The floating market.,,,,Mita read about the floating market in the internet...,candidate,,
NCTB-SFT-00245,8,class8-english,class8-english-chunk-0059;class8-english-chunk-0061,mcq,What were the sellers displaying for sale?,,"Fruits, vegetables, local food, and delicious sweets. | Cars and motorcycles. | Books and magazines. | Clothes and shoes.","Fruits, vegetables, local food, and delicious sweets.",,"fruits, vegetables, local food, and delicious sweets.",candidate,,
NCTB-SFT-00246,8,class8-english,class8-english-chunk-0068;class8-english-chunk-0069,mcq,Approximately how much money does the bedey woman earn per month?,,$1500 taka | $2000 taka | $3000 taka | $4000 taka,$3000 taka,,Not enough. About 3000 taka per month.,candidate,,
NCTB-SFT-00247,8,class8-english,class8-english-chunk-0068;class8-english-chunk-0069,mcq,Approximately what percentage of gypsy children receive primary education?,,2 percent | 5 percent | 8 percent | 10 percent,2 percent,,Only 2 percent of gypsy children are given primary ---------- -----------.,candidate,,
NCTB-SFT-00248,8,class8-english,class8-english-chunk-0068;class8-english-chunk-0069,passage_grounded_qa,For how long has the bedey woman been living in this camp?,Four months,,,Four months. Since last January.,Four months. Since last January.,candidate,,
NCTB-SFT-00249,8,class8-english,class8-english-chunk-0068;class8-english-chunk-0069,passage_grounded_qa,How does the bedey woman heal people?,With traditional herbs and healing art.,,,With traditional herbs and healing art.,With traditional herbs and healing art.,candidate,,
NCTB-SFT-00250,8,class8-english,class8-english-chunk-0068;class8-english-chunk-0069,short_qa,What is a river gypsy?,River gypsies are among the nation’s groups.,,,,The river gypsies are among the Nation's ---------------- groups.,candidate,,
NCTB-SFT-00251,8,class8-english,class8-english-chunk-0068;class8-english-chunk-0069,short_qa,What is Jihan studying?,Sociology,,,,Jihan studies Sociology at Dhaka University.,candidate,,
NCTB-SFT-00252,8,class8-english,class8-english-chunk-0068;class8-english-chunk-0069,mcq,What is the government offering to river gypsies?,,"Fishing licenses | Voting rights, permanent housing and bank-loan facilities | Snake charming training | Traditional herbal remedies","Voting rights, permanent housing and bank-loan facilities",,"Therefore, the government is offering voting rights, permanent housing and bank-loan facilities.",candidate,,
NCTB-SFT-00253,8,class8-english,class8-english-chunk-0068;class8-english-chunk-0069,passage_grounded_qa,What skills do the river gypsies inherit?,Necessary life skills to survive in water.,,,They have inherited from their forefathers necessary life skills to survive in water.,They have inherited from their forefathers necessary life skills to survive in water.,candidate,,
NCTB-SFT-00254,8,class8-english,class8-english-chunk-0070;class8-english-chunk-0073,mcq,What did Bedeys catch during the winter/rainy/summer season?,,Fish. | Snakes. | Birds. | Deer.,Snakes.,,7 1. Bedeys catch snakes during the winter/rainy/summer season.,candidate,,
NCTB-SFT-00255,8,class8-english,class8-english-chunk-0070;class8-english-chunk-0073,mcq,What did Bedeys sometimes go vending?,,Far from home. | To the riverbanks. | To the lakesides. | To the seashore.,Far from home.,,3. They sometimes go vending far from home by rickshaw/ on foot/ by cart.,candidate,,
NCTB-SFT-00256,8,class8-english,class8-english-chunk-0070;class8-english-chunk-0073,mcq,What did females of the bedey families contribute to the family income?,,Education. | Health. | Trade. | Agriculture.,Trade.,,2. Females of the bedey families contribute to the family income/education/ health with petty trades.,candidate,,
NCTB-SFT-00257,8,class8-english,class8-english-chunk-0070;class8-english-chunk-0073,mcq,What did Khaled Hosseini's story ‘Sea Prayer’ inspire?,,The story of Alan Kurdi. | A fictional tale about refugees. | A poem about the Mediterranean Sea. | A travelogue describing coastal journeys.,The story of Alan Kurdi.,,"""Sea Prayer"" was inspired by the story of Alan Kurdi, a three-year-old Syrian refugee who drowned in the Mediterranean Sea in September 2015 while trying to reach safely in Europe.",candidate,,
NCTB-SFT-00258,8,class8-english,class8-english-chunk-0074;class8-english-chunk-0075,mcq,What is Charles Anderson Dana's famous quote regarding news?,,When a dog bites a man that is news. | When a man bites a dog that is news. | News should be objective and recent. | Fake news is always misleading.,When a man bites a dog that is news.,,"'When a dog bites a man that is not news, but when a man bites a dog that is news,’ says Charles Anderson Dana.'",candidate,,
NCTB-SFT-00259,8,class8-english,class8-english-chunk-0074;class8-english-chunk-0075,passage_grounded_qa,Who said the quote about a dog and a man?,Charles Anderson Dana.,,,"‘When a dog bites a man that is not news, but when a man bites a dog that is news,’ says Charles Anderson Dana.","'When a dog bites a man that is not news, but when a man bites a dog that is news,’ says Charles Anderson Dana.'",candidate,,
NCTB-SFT-00260,8,class8-english,class8-english-chunk-0076;class8-english-chunk-0078,mcq,In what year did the Pennsylvania Packet and The Daily Advertiser first appear?,,1605 | 1784 | 1665 | 59 BC,1784,,"The Pennsylvania Packet and The Daily Advertiser were the first daily newspapers from the US, which came out in 1784.",candidate,,
NCTB-SFT-00261,8,class8-english,class8-english-chunk-0076;class8-english-chunk-0078,mcq,What does a fresh newspaper with tea or coffee symbolize?,,A new form of transportation | The start of the workday | Modern urban life | A religious ritual,Modern urban life,,A fresh newspaper with a hot cup of tea or coffee has been the symbol of modern urban life.,candidate,,
NCTB-SFT-00262,8,class8-english,class8-english-chunk-0076;class8-english-chunk-0078,passage_grounded_qa,What is the name of England's oldest newspaper?,The London Gazette,,,The London Gazette claims to be England’s oldest newspaper published in 1665.,The London Gazette claims to be England’s oldest newspaper published in 1665.,candidate,,
NCTB-SFT-00263,8,class8-english,class8-english-chunk-0076;class8-english-chunk-0078,mcq,When was the first Acta Diurna published?,,1665 | 1784 | 59 BC | 1605,59 BC,,Acta Diurna was published in ancient Rome in 59 BC.,candidate,,
NCTB-SFT-00264,8,class8-english,class8-english-chunk-0076;class8-english-chunk-0078,mcq,"Which country published the first weekly newspaper, Account of All Distinguished and Commemorable News?",,England | Germany | Italy | United States,Germany,,"Johann Carolus published the first weekly newspaper, Account of All Distinguished and Commemorable News, from Germany in 1605.",candidate,,
NCTB-SFT-00265,8,class8-english,class8-english-chunk-0079;class8-english-chunk-0080,passage_grounded_qa,What do some people still desire?,Having a printed newspaper.,,,"Yet, having a printed newspaper is still an obsession for many people in the world.","Yet, having a printed newspaper is still an obsession for many people in the world.",candidate,,
NCTB-SFT-00266,8,class8-english,class8-english-chunk-0079;class8-english-chunk-0080,short_qa,What was the first newspaper printed in India?,Hickey’s Bengal Gazette,,,,The first newspaper printed in India was Hickey’s Bengal Gazette in 1780 under the British Raj.,candidate,,
NCTB-SFT-00267,8,class8-english,class8-english-chunk-0079;class8-english-chunk-0080,mcq,When was the Samachar Darpan published?,,1780 | 1818 | 2001 | 1947,1818,,"In this process, the first Bangla weekly newspaper, the Samachar Darpan, came out in 1818.",candidate,,
NCTB-SFT-00268,8,class8-english,class8-english-chunk-0079;class8-english-chunk-0080,passage_grounded_qa,Where does 'there' appear in this sentence?,'Before/after a form of verb ‘to be’',,,There is sometimes used in the beginning of a sentence immediately before/after a form of verb ‘to be’ when the subject noun is an uncertain person or a thing.,There is sometimes used in the beginning of a sentence immediately before/after a form of verb ‘to be’.,candidate,,
NCTB-SFT-00269,8,class8-english,class8-english-chunk-0081;class8-english-chunk-0082,short_qa,What does a TV news report usually begin with?,One or two short sentences.,,,,A TV news report usually begins with an announcement. One or two short sentences explain what it is about.,candidate,,
NCTB-SFT-00270,8,class8-english,class8-english-chunk-0081;class8-english-chunk-0082,passage_grounded_qa,What skill is important for a TV report?,The skills of the camera operator,,,It depends on the skills of the camera operator.,It depends on the skills of the camera operator.,candidate,,
NCTB-SFT-00271,8,class8-english,class8-english-chunk-0083;class8-english-chunk-0086,mcq,In what year did Polan Sarkar receive the Ekushey Padak?,,1990 | 2006 | 2011 | 1921,2011,,"He won the Ekushey Padak in 2011, Bangladesh’s second-highest civilian award, for his contribution to society.",candidate,,
NCTB-SFT-00272,8,class8-english,class8-english-chunk-0083;class8-english-chunk-0086,passage_grounded_qa,What kind of movement did Polan Sarkar initiate?,A social movement of distributing books free of charge.,,,Polan Sarkar started a social movement of distributing books free of charge.,Polan Sarkar started a social movement of distributing books free of charge.,candidate,,
NCTB-SFT-00273,8,class8-english,class8-english-chunk-0083;class8-english-chunk-0086,mcq,What was Polan Sarkar awarded with in 2011?,,The Nobel Prize | The Ekushey Padak | A local award for community service | An international journalism award,The Ekushey Padak,,"He won the Ekushey Padak in 2011, Bangladesh’s second-highest civilian award, for his contribution to society.",candidate,,
NCTB-SFT-00274,8,class8-english,class8-english-chunk-0083;class8-english-chunk-0086,short_qa,What was Polan Sarkar known as?,Alor Ferrywala,,,,"Ekushey Padak winner, Polan Sarkar, affectionately called Alor Ferrywala, a torch bearer...",candidate,,
NCTB-SFT-00275,8,class8-english,class8-english-chunk-0083;class8-english-chunk-0086,passage_grounded_qa,What was Polan Sarkar's birthdate?,"August 1, 1921",,,"Born in August 1, 1921, Polan Sarkar’s real name is Harez Uddin.","Born in August 1, 1921, Polan Sarkar’s real name is Harez Uddin.",candidate,,
NCTB-SFT-00276,8,class8-english,class8-english-chunk-0083;class8-english-chunk-0086,passage_grounded_qa,Where did Polan Sarkar pass away?,Bausha village in Bagha upazila of Rajshahi.,,,The 98-year-old had been suffering from old-age complications. He passed away surrounded by his loved ones at his home of Bausha village in Bagha upazila of Rajshahi.,He passed away surrounded by his loved ones at his home of Bausha village in Bagha upazila of Rajshahi.,candidate,,
NCTB-SFT-00277,8,class8-english,class8-english-chunk-0083;class8-english-chunk-0086,passage_grounded_qa,Where was Polan Sarkar born?,"Bagatipara, Natore.",,,"Polan Sarkar’s real name is Harez Uddin. He was born in Bagatipara, Natore.","Born in August 1, 1921, Polan Sarkar’s real name is Harez Uddin. He was born in Bagatipara, Natore.",candidate,,
NCTB-SFT-00278,8,class8-english,class8-english-chunk-0087;class8-english-chunk-0088,mcq,"What are fans, propellers and turbines?",,Types of vehicles | Other types of wheels | Musical instruments | Building materials,Other types of wheels,,"Fans, propellers, turbines are also other types of wheels.",candidate,,
NCTB-SFT-00279,8,class8-english,class8-english-chunk-0087;class8-english-chunk-0088,mcq,What did Polan Sarkar use to provide books?,,Government funds | His own money | Donations from villagers | Loans from banks,His own money,,"He __ on foot for miles, going from village to village with his books. He __ the books with his own money and __ them to the people.",candidate,,
NCTB-SFT-00280,8,class8-english,class8-english-chunk-0089;class8-english-chunk-0090,mcq,Approximately when were wheels first used on chariots?,,3500 B.C. | 2000 B.C. | 1000 B.C. | 500 B.C.,2000 B.C.,,Then they used them on chariots around 2000 B.C.,candidate,,
NCTB-SFT-00281,8,class8-english,class8-english-chunk-0089;class8-english-chunk-0090,passage_grounded_qa,In what year was the oldest ever wheel discovered?,3500 B.C.,,,The oldest ever wheel was discovered in Mesopotamia. It was in 3500 B.C.,It was in 3500 B.C.,candidate,,
NCTB-SFT-00282,8,class8-english,class8-english-chunk-0089;class8-english-chunk-0090,short_qa,What did the Egyptians do with their wheels?,They used them on chariots.,,,,Then they used them on chariots around 2000 B.C.,candidate,,
NCTB-SFT-00283,8,class8-english,class8-english-chunk-0089;class8-english-chunk-0090,passage_grounded_qa,What rivers did Mesopotamia lie alongside?,The rivers Tigris and Euphrates,,,It was along the valley of the rivers Tigris and Euphrates.,It was along the valley of the rivers Tigris and Euphrates.,candidate,,
NCTB-SFT-00284,8,class8-english,class8-english-chunk-0089;class8-english-chunk-0090,short_qa,What were the Mesopotamians?,Pioneers in many things.,,,,The Greeks were pioneers in many things.,candidate,,
NCTB-SFT-00285,8,class8-english,class8-english-chunk-0089;class8-english-chunk-0090,mcq,Where was Mesopotamia located?,,Ancient Egypt | Ancient China | Ancient Iraq | Ancient Greece,Ancient Iraq,,"Well, Mesopotamia was in ancient Iraq.",candidate,,
NCTB-SFT-00286,8,class8-english,class8-english-chunk-0089;class8-english-chunk-0090,passage_grounded_qa,Who improved the wheel after the Mesopotamians?,The Egyptians,,,"After the Mesopotamians, the wheel was further improved by the Egyptians. They first made wheels with spokes.","After the Mesopotamians, the wheel was further improved by the Egyptians.",candidate,,
NCTB-SFT-00287,8,class8-english,class8-english-chunk-0091;class8-english-chunk-0092,short_qa,What does TGV stand for?,Train a Grande Vitesse,,,,"The TGV (Train a Grande Vitesse, meaning high-speed train)",candidate,,
NCTB-SFT-00288,8,class8-english,class8-english-chunk-0091;class8-english-chunk-0092,mcq,What is the name of the high-speed train service in Japan?,,TGV | Bullet Train | Maglev Train | Shinkansen,Bullet Train,,The Bullet Train is the network of high-speed train service in Japan.,candidate,,
NCTB-SFT-00289,8,class8-english,class8-english-chunk-0091;class8-english-chunk-0092,mcq,What was the original power source for the TGV (Train a Grande Vitesse)?,,Electric trains | Gas turbines | Magnetic trains | Steam engines,Gas turbines,,"Originally, it was powered by gas turbines.",candidate,,
NCTB-SFT-00290,8,class8-english,class8-english-chunk-0091;class8-english-chunk-0092,mcq,What was the speed achieved by the TGV test train in 2007?,,320 km/h | 574.8 km/h | 200 m/h | 357.2 m/h,574.8 km/h,,It reached the speed of 574.8 km/h (357.2 m/h) on the test run.,candidate,,
NCTB-SFT-00291,8,class8-english,class8-english-chunk-0091;class8-english-chunk-0092,short_qa,When did the TGV service first start between Paris and Lyon?,1981,,,,The TGV service first started between Paris and Lyon in 1981.,candidate,,
NCTB-SFT-00292,8,class8-english,class8-english-chunk-0091;class8-english-chunk-0092,passage_grounded_qa,Where do the Tigris and Euphrates rivers run?,On the west of Mesopotamia,,,The Tigris and Euphrates run on the west of Mesopotamia.,The Tigris and Euphrates run on the west of Mesopotamia.,candidate,,
NCTB-SFT-00293,8,class8-english,class8-english-chunk-0091;class8-english-chunk-0092,passage_grounded_qa,Where does Shang China lie?,The far east of India,,,Shang China lies --------- the far east of India.,1. Shang China lies --------- the far east of India.,candidate,,
NCTB-SFT-00294,8,class8-english,class8-english-chunk-0091;class8-english-chunk-0092,passage_grounded_qa,Where is the Bay of Bengal located?,The east coast of India,,,The Bay of Bengal is ---------- the east coast of India.,The Bay of Bengal is ---------- the east coast of India.,candidate,,
NCTB-SFT-00295,8,class8-english,class8-english-chunk-0091;class8-english-chunk-0092,passage_grounded_qa,Which direction does the Ganges flow?,The north of India,,,The Ganges flows ---------- the north of India.,The Ganges flows ---------- the north of India.,candidate,,
NCTB-SFT-00296,8,class8-english,class8-english-chunk-0096;class8-english-chunk-0097,mcq,At what temperature could the body of the plane reach?,,"1,000 degree C | 2,000 degree C | 3,000 degree C | 4,000 degree C","2,000 degree C",,"the body ------------------- of the plane could reach 2,000 degree Celsius.",candidate,,
NCTB-SFT-00297,8,class8-english,class8-english-chunk-0096;class8-english-chunk-0097,mcq,What temperature does the Falcon HTV-2 withstand?,,"1,000 degree C | 1,800 degree C | 2,000 degree C | 3,000 degree C","2,000 degree C",,"It would withstand temperatures of almost 2,000 degree C.",candidate,,
NCTB-SFT-00298,8,class8-english,class8-english-chunk-0096;class8-english-chunk-0097,mcq,When was the Falcon HTV-2 born?,,1993 | 2003 | 2013 | 2023,2003,,The Falcon was born in 2003.,candidate,,
NCTB-SFT-00299,8,class8-english,class8-english-chunk-0098;class8-english-chunk-0099,short_qa,What did people use for writing materials before paper?,"Stone, metal, wood, bark, leaves.",,,,"People used the surface of stone, metal, wood, bark, leaves, etc. for writing.",candidate,,
NCTB-SFT-00300,8,class8-english,class8-english-chunk-0098;class8-english-chunk-0099,short_qa,What did people use to exchange ideas before writing?,Speaking and listening,,,,"For long, people exchanged ideas through speaking and listening.",candidate,,
NCTB-SFT-00301,8,class8-english,class8-english-chunk-0098;class8-english-chunk-0099,short_qa,What is a modern invention?,Paper,,,,"Though writing was invented very early, paper is a more modern invention.",candidate,,
NCTB-SFT-00302,8,class8-english,class8-english-chunk-0098;class8-english-chunk-0099,short_qa,What is at the centre of civilisation?,Communication of ideas,,,,Communication of ideas is at the centre of civilisation.,candidate,,
NCTB-SFT-00303,8,class8-english,class8-english-chunk-0098;class8-english-chunk-0099,passage_grounded_qa,What were some materials people used for writing before paper?,"Stone, metal, wood, bark, leaves.",,,"Before the paper age, knowledge was very restricted. Can you think of that time?","People used the surface of stone, metal, wood, bark, leaves, etc. for writing.",candidate,,
NCTB-SFT-00304,8,class8-english,class8-english-chunk-0098;class8-english-chunk-0099,mcq,When was paper invented?,,105 BC | 105 CE | 500 BCE | 1492 CE,105 CE,,"Finally, paper was invented in China in 105 CE.",candidate,,
NCTB-SFT-00305,8,class8-english,class8-english-chunk-0098;class8-english-chunk-0099,mcq,Where was paper invented?,,Egypt | Greece | China | Rome,China,,"Finally, paper was invented in China in 105 CE.",candidate,,
NCTB-SFT-00306,8,class8-english,class8-english-chunk-0100;class8-english-chunk-0101,mcq,What did the bat do while eating his dinner?,,He ate slowly and carefully. | He ate greedily. | He shared his food with the dove. | He ignored the food.,He ate greedily.,,The bat was sly. He ate greedily.”,candidate,,
NCTB-SFT-00307,8,class8-english,class8-english-chunk-0100;class8-english-chunk-0101,short_qa,What did the bat say to praise the owl?,"""O wise and brave owl, you are the most generous person I have ever seen.""",,,,"""O wise and brave owl, you are the most generous person I have ever ‘seen.”""",candidate,,
NCTB-SFT-00308,8,class8-english,class8-english-chunk-0100;class8-english-chunk-0101,passage_grounded_qa,What happened during the storm?,It started to rain heavily.,,,A storm rose. It started to rain heavily.,It started to rain heavily.,candidate,,
NCTB-SFT-00309,8,class8-english,class8-english-chunk-0100;class8-english-chunk-0101,short_qa,What kind of tree did the dove and bat find?,A century-old rain tree.,,,,They came upon a century-old rain tree.,candidate,,
NCTB-SFT-00310,8,class8-english,class8-english-chunk-0100;class8-english-chunk-0101,mcq,What was living in the rain tree?,,A fox | An owl | A squirrel | A rabbit,An owl,,An owl had his nest in that tree.,candidate,,
NCTB-SFT-00311,8,class8-english,class8-english-chunk-0100;class8-english-chunk-0101,short_qa,Where did the dove and the bat come to after flying over rivers and hills?,A big jungle.,,,,They flew over the rivers and hills and came to a big jungle.,candidate,,
NCTB-SFT-00312,8,class8-english,class8-english-chunk-0103;class8-english-chunk-0105,mcq,Which word best describes the owl’s behavior?,,Patient | Impatient | Calm | Happy,Impatient,,The owl got impatient. He wanted to hear more praises.,candidate,,
NCTB-SFT-00313,8,class8-english,class8-english-chunk-0106;class8-english-chunk-0107,short_qa,What did Grandpa suggest the crow do?,Get pebbles from the riverbed.,,,,"""Go and get pebbles from the riverbed"", he said, and drop them in.",candidate,,
NCTB-SFT-00314,8,class8-english,class8-english-chunk-0106;class8-english-chunk-0107,passage_grounded_qa,Where did the crow find straws?,In the haystacks.,,,Straws were plenty in the haystacks.,Straws were plenty in the haystacks.,candidate,,
NCTB-SFT-00315,8,class8-english,class8-english-chunk-0108;class8-english-chunk-0109,short_qa,What did Pritilata Waddedar do?,Swallowed cyanide pills to avoid capture.,,,,"From the valiant sacrifice of Pritilata Waddedar, who swallowed cyanide pills to avoid capture by British forces in 1932",candidate,,
NCTB-SFT-00316,8,class8-english,class8-english-chunk-0108;class8-english-chunk-0109,short_qa,What does ‘helter-skelter’ mean?,In a hurried or confused way; chaotic.,,,,Helter-skelter — In a hurried or confused way; chaotic.,candidate,,
NCTB-SFT-00317,8,class8-english,class8-english-chunk-0108;class8-english-chunk-0109,short_qa,What was Mayer Daak?,A group of women whose family members had faced enforced disappearances.,,,,"Mayer Daak, a group of women whose family members had faced enforced disappearances;",candidate,,
NCTB-SFT-00318,8,class8-english,class8-english-chunk-0110;class8-english-chunk-0111,short_qa,What did the security forces shout during the uprising?,‘Khuni! Khuni!”,,,,"'Khuni! Khuni!” It was Abu Sayeed’s mother who asked the question, “Amar betak marlu kene?’”",candidate,,
NCTB-SFT-00319,8,class8-english,class8-english-chunk-0110;class8-english-chunk-0111,short_qa,What does ‘folk music’ refer to?,"Tunes, lyrics, and knowledge passed down orally.",,,,"People’s music, also known as folk music, consists of tunes, lyrics, and knowledge passed down orally for generations.",candidate,,
NCTB-SFT-00320,8,class8-english,class8-english-chunk-0110;class8-english-chunk-0111,short_qa,What is a fading aspect of traditional folk music?,Tunes are slowly fading.,,,,"As people migrate to cities and villages transform, these traditional tunes are slowly fading.",candidate,,
NCTB-SFT-00321,8,class8-english,class8-english-chunk-0110;class8-english-chunk-0111,short_qa,What materials were commonly used to create folk music instruments?,"Animal skin, bamboo, and calabash.",,,,"The instruments used for folk music are crafted from materials found in the surroundings—animal skin, bamboo, and calabash are common examples.",candidate,,
NCTB-SFT-00322,8,class8-english,class8-english-chunk-0110;class8-english-chunk-0111,mcq,Where do you encounter music with the same role but expressed in diverse languages?,,In urban areas | In rural villages | In the hill tracts | On mainstream films,In the hill tracts,,"In the hill tracts, you encounter music with the same role but expressed in the diverse languages of the ethnic communities.",candidate,,
NCTB-SFT-00323,8,class8-english,class8-english-chunk-0110;class8-english-chunk-0111,mcq,Where is folk music currently found?,,Only in historical archives | In mainstream films and music albums | Exclusively in rural communities | Solely through oral tradition,In mainstream films and music albums,,"However, folk music still finds its place in mainstream films and music albums.",candidate,,
NCTB-SFT-00324,8,class8-english,class8-english-chunk-0113;class8-english-chunk-0114,mcq,In what year was Leo Tolstoy born?,,1818 | 1828 | 1838 | 1848,1828,,"The writer was born on 9th September 1828 in Yasnaya Polyana, in Tula province of the Russian Empire at his family’s estate.",candidate,,
NCTB-SFT-00325,8,class8-english,class8-english-chunk-0113;class8-english-chunk-0114,short_qa,What did the children call the farmer?,Their 'farming teacher',,,,"The children deeply (a) ___ the farmer and affectionately called him their ""farming teacher"" whenever they saw him.",candidate,,
NCTB-SFT-00326,8,class8-english,class8-english-chunk-0113;class8-english-chunk-0114,short_qa,What did the children discover?,The joy and wonder of seeing their own planted seeds grow.,,,,"Through this experience, the children discovered the joy and wonder of seeing their own planted seeds grow.",candidate,,
NCTB-SFT-00327,8,class8-english,class8-english-chunk-0113;class8-english-chunk-0114,mcq,What did the farmer provide to help the crops thrive?,,Seeds | Surplus fertilizer | Watering cans | Pesticides,Surplus fertilizer,,"He supported their efforts by (b) _____ surplus fertilizer, which helped their crops thrive.",candidate,,
NCTB-SFT-00328,8,class8-english,class8-english-chunk-0113;class8-english-chunk-0114,short_qa,What did Tolstoy do before writing novels?,He never completed his studies.,,,,He never completed his studies but managed to concentrate all his energy on his first journal.,candidate,,
NCTB-SFT-00329,8,class8-english,class8-english-chunk-0113;class8-english-chunk-0114,passage_grounded_qa,"What did Tolstoy’s first novel, ‘Childhood’, capture?",His fondest memories of his childhood,,,"He never completed his studies but managed to concentrate all his energy on his first journal. Later, while serving the army, he wrote his first novel “Childhood” which captured all his fondest memories of his childhood followed by many other books.",'Childhood’ which captured all his fondest memories of his childhood,candidate,,
NCTB-SFT-00330,8,class8-english,class8-english-chunk-0113;class8-english-chunk-0114,mcq,What was Tolstoy’s most critically acclaimed work?,,Anna Karenina | The Death of Ivan Ilyich | War and Peace | Childhood,War and Peace,,His most critically acclaimed work that is still read all over the world is “War and Peace” followed by “Anna Karenina” and “The Death of Ivan Ilyich”,candidate,,
NCTB-SFT-00331,8,class8-english,class8-english-chunk-0113;class8-english-chunk-0114,passage_grounded_qa,Where did Tolstoy die?,In the same house.,,,He died on 20th November 1910 in the same house.,He died on 20th November 1910 in the same house.,candidate,,
NCTB-SFT-00332,8,class8-english,class8-english-chunk-0113;class8-english-chunk-0114,passage_grounded_qa,Where was Tolstoy buried?,In his own family estate in Tula province in Yasnaya Polyana,,,Later he was buried in his own family estate in Tula province in Yasnaya Polyana where the writer lost most of his beloved ones.,Later he was buried in his own family estate in Tula province in Yasnaya Polyana where the writer lost most of his beloved ones.,candidate,,
NCTB-SFT-00333,8,class8-english,class8-english-chunk-0118;class8-english-chunk-0119,mcq,What did the boy find in the pot?,,A collection of toys. | Golden coins. | A map to a treasure. | A magical spell.,Golden coins.,,He took the pot and surprisingly found it filled with golden coins!,candidate,,
NCTB-SFT-00334,8,class8-english,class8-english-chunk-0118;class8-english-chunk-0119,mcq,What did the boy initially think of the pot?,,It was a dangerous trap. | It might be a mistake or a trick. | It contained valuable jewels. | It was filled with water.,It might be a mistake or a trick.,,"At first, he thought it might be a mistake or a trick…",candidate,,
NCTB-SFT-00335,8,class8-english,class8-english-chunk-0118;class8-english-chunk-0119,passage_grounded_qa,What did the boy's mother tell him?,"True happiness isn’t in wealth, but in helping others.",,,"True happiness isn’t in wealth, but in helping others.","But as he looked at the pot, he remembered something his mother had always | told him: ""True happiness isn’t in wealth, but in helping others.""",candidate,,
NCTB-SFT-00336,8,class8-english,class8-english-chunk-0118;class8-english-chunk-0119,passage_grounded_qa,What does the embroidered quilt symbolize?,"The woman's emotions, memories, and the story of Rupai’s life.",,,"The embroidered quilt symbolizes the woman’s emotions, memories, and the story of Rupai’s life, serving as a canvas for her grief and love.","The embroidered quilt symbolizes the woman’s emotions, memories, and the story of Rupai’s life…",candidate,,
NCTB-SFT-00337,8,class8-english,class8-english-chunk-0118;class8-english-chunk-0119,short_qa,What was the boy searching for?,Food to eat.,,,,"One day, a hungry little boy was searching for food to eat.",candidate,,
NCTB-SFT-00338,8,class8-english,class8-english-chunk-0118;class8-english-chunk-0119,short_qa,When did Leo Tolstoy die?,"November 20, 1910.",,,,"He died on November 20, 1910…",candidate,,
NCTB-SFT-00339,8,class8-english,class8-english-chunk-0118;class8-english-chunk-0119,short_qa,Where was Leo Tolstoy born?,"In Yasnaya Polyana, Tula province, Russian Empire.",,,,"He was born in Yasnaya Polyana, Tula province, Russian Empire.",candidate,,
NCTB-SFT-00340,8,class8-english,class8-english-chunk-0118;class8-english-chunk-0119,passage_grounded_qa,Why do the wild geese begin their journey?,Because they sense that the season is changing and winter is approaching.,,,"The wild geese begin their journey because they sense that the season is changing, and winter is approaching. The poem hints at an instinctual response to the shift in the environment, which signals them to migrate.","The wild geese begin their journey because they sense that the season is changing, and winter is approaching.",candidate,,
