book_id,class_level,page_number,word_count,reasons,text_preview,decision,reviewer_notes
class6-english,6,1,0,empty_text,,,
class6-english,6,3,57,possible_front_matter,"69-70, Motijheel Commercial Area, Dhaka [All rights reserved by the Publisher] First edition written and edited by AMM Hamidur Rahman Zulfeqar Haider Surajit Roy Majumder First Publication : September 2012 Revised Edition : September 2014 Revised Edition : November 2020 Revised Edition : October 2025 For Free Distribution by the Government of the People’s Republic of Bangladesh",,
class6-english,6,5,242,unicode_replacement_character,Lesson- | Going to a New School l Lesson- 2 Congratulations! Well Done! 4 Lesson- 3 Ata Railway Station 7 Lesson- 4 Where are You From? 9 Lesson- 5 Thanks for Your Work 13 Lesson- 6 | It Smells Good! 17 Lesson- 7 Holding Hands 19 Lesson- 8 | Grocery Shopping 21 Lesson- 9 Health is Wealth 28 Lesson- 10 | Remedies: Modern and Traditional 33 Lesson- 11 | Are You Listening?-1 37 Lesson- 12 | AnUnseen ,,
class6-english,6,8,117,unicode_replacement_character,"English For Today 3 B2. Match a word from Column A with a word (or words) from Column B that has (or have) similar meaning. Column A Column B interesting lovingly frightened amusing warmly thrilled B3. Talk about your first day at school and how you felt-happy, frightened, thrilled or shy. Work in groups. B4. Now, write a paragraph on how you felt on your first day at school and why you felt so. -",,
class6-english,6,9,145,unicode_replacement_character,Congratulations! Well Done ! © ask and answer questions © read and understand written instructions ® participate in short dialogues and conversations on familiar topics We often use some routine expressions in our everyday conversations. which we can respond to good or bad news. Lily goes to a school in Dhaka and her parents live in a small town in Tangail district. Lily is talking to her father o,,
class6-english,6,10,187,unicode_replacement_character,"English For Today 5 Rahul lam happy. I just heard that my new album of Lalon's songs has been a hit! Nina Oh, great! Congratulations! Rahul Thanks, Nina. I can't tell you how happy Tam! Manzoor is a student of class six in a Sovernment high school in Rajbari. Recently there was an inter-school essay competition on the occasion of our Independence Day. Manzoor had participated and got a prize. Raj ",,
class6-english,6,11,241,unicode_replacement_character,"6 English For Today Let's now see what we say when we hear about something not good or not happy. Read the following dialogues. Bobby Hi, Sujan! Why didn’t you come to school last week? Sujan I had the flu. I was in bed most of the time. Bobby Oh, I'm sorry to hear that. How do you feel now? Shakil Hello, Manik! Why are you so quiet today? Manik Did you see that pen my father gave me? I've lost it",,
class6-english,6,14,165,unicode_replacement_character,"Lesson 4 Where are You From? ® recognise words and stress on words in sentences © ask and answer questions It is natural that when two persons meet they would engage in a_ conversation. They may want to know where the other comes from, or what the other person does and so on. Here are some conversations in such everyday situations. class friends. Mamun and his friend Akash have gone to a book fair",,
class6-english,6,15,179,unicode_replacement_character,"Sometimes the same questions can be asked in a different way. Here is a conversation between an immigration officer and a passenger at the Shahjalal International Airport, Dhaka. Listen to the conversation first and then practise it with a partner. Your name, Sir? Where do you come from, Mr. Smith? And where are you coming from now? I'm coming from London. Welcome to Bangladesh, Sir. Have a nice s",,
class6-english,6,16,181,unicode_replacement_character,"English For Today 11 Joy asks Sajed do you come from, Sajed?""’ What could Joy ask him instead? Mamun and Akash are talking about Mamun's cousin Ruma. Listen to and practise the conversation in pairs. Akash What does your cousin do, Mamun? Mamun She is an architect. She mostly designs offices and shopping Akash What is she doing at Mamun Well, at the moment she is designing something different. She",,
class6-english,6,17,142,unicode_replacement_character,"Language Focus Notice that sometimes the answer to ""Where do you come from?"" or ""Where are you from?"" is the name of the country one belongs to. But when both the speakers are from the same country, the question would obviously mean what part of the country one belongs to. doing?” do vou do?' means the same as ‘What's your profession?’ On the other hand, are you doing' refers to what you are doing",,
class6-english,6,19,201,unicode_replacement_character,"Al. Choose appropriate words from the box to complete the dialogue below. Then act out the dialogue in pairs. letters restaurant streets place morning A What does a cleaner do? B A cleaner cleans our houses, office and ete. : What does a newspaper hawker do? B A hawker gives us newspapers every What does a postman do? B A postman delivers ............. and other items to us. What does a do? B A ri",,
class6-english,6,20,214,unicode_replacement_character,"English For Today 15 Last month Bulbul was sick for two days. So, he could not come to collect the rubbish. The people of Sankar were in great trouble. They got piles of waiting in front of their houses. The whole area became dirty and unhygienic. When Bulbul got well, he came back to Sankar. He collected everything from all the bins. Bulbul does not want to fall sick again. He realises, if he sto",,
class6-english,6,22,158,unicode_replacement_character,Lesson 6 It Smells Good! ask and answer questions ® participate in short dialogues and conversations on familiar topics Read the passage and the dialogue below: It's Saturday. Mila's school is open. But Friday and Saturday are father's weekly holidays. Father sometimes loves to cook special dishes for everybody on Saturdays. It's 2 o'clock - time for Mila to come back from school. Mother is settin,,
class6-english,6,23,195,unicode_replacement_character,"Al. Work with a partner. Ask and answer the following questions. a, What's your favourite food? Where do you usually have it? Who prepares it? How does it taste? use proper stress and intonation (up and down movement of your voice), with their correct forms. smell see look know like want a.l him very well. The new dress great! Rina to collect stamps. Tecan a butterfly near the flowers. e. The flow",,
class6-english,6,25,93,unicode_replacement_character,"Look at the following words. Each word has more than one meaning. The meaning in which a word has been used in the poem is given. Can you think of any other meaning or meanings? Trunk The long nose of an elephant Ring : A round confined area in which animals or people perform or compete. There are seats around the outside of the ring for the For example : a circus ring or a boxing ring. Now, match",,
class6-english,6,26,158,unicode_replacement_character,Lesson 8 Grocery Shopping usc word stress and stress on words in sentences and answer questions © participate in short dialogues and conversations on familiar topics read and understand texts . Some guests will visit Imran's house tonight. So Imran's mother will cook dinner for them. She asks Imran to go to the local market. He often forgets to buy the necessary items. So his mother is making a sh,,
class6-english,6,27,103,unicode_replacement_character,": There are only three eggs. Maybe I'll buy a dozen more? : Humm..... oh, yes.... get some sugar and milk and one litre of oil, : OK. One litre of milk and.... one kg. of sugar. : One more thing, dear. You are forgetting your list! Here it is. : Oh! Thanks, Maa. You have read the conversation above. Now, put a tick mark against the items that Imran will buy and put a cross mark (X) against the ite",,
class6-english,6,28,182,unicode_replacement_character,"Salesperson Hello, how can I help you? Imran Do you have any beans? Salesperson Yes, we do. How much would you like? Imran I would like half kg. And I'll also need one kg. of tomatoes, two kg.of potatoes, two cauliflowers, a dozen of eggs and some salt. Salesperson Do you need oil, sir? Imran Yes, I need a litre of oil. Salesperson Do you need anything else? Tmran Umm..... let me check. (looks at ",,
class6-english,6,29,109,unicode_replacement_character,"24 English For Today B1. Discuss the following questions in pairs. How many items did Imarn buy? What varieties of vagetables were available in the market? Why do you think Imarn asked the salesman to use a paper bag? Discuss with your class friends and then write down one or two reasons. ""Thank you, here is the change,..."". What does the word ‘change’ B2. Read the sentences/phrases in the eight s",,
class6-english,6,30,111,unicode_replacement_character,English For Today 25 Match the phrases in column A and the items in column B below to make an imaginary shopping list. Write down the list in your notebook. (One phrase may match more than one items.) acanof poster paper a packet paint half a kilo of.......... cake ajar Of notebook a sheet of pencils Look at your shopping list again. Can you say which items are available in what kind of shops? The,,
class6-english,6,31,146,unicode_replacement_character,"26 English For Today Workin groups. Create a mini market in the classroom. Put some signs like the Baker's, the Grocer's, the Stationer's, etc. Some of you play the roles of shop assistants and some others will be customers. Now, the customers move round the room from one shop to the other asking the prices of the items shown in the pictures below. Use the following model: A shopping day: A Have y",,
class6-english,6,32,83,unicode_replacement_character,"Language Focus: some and any We use ‘some’ with positive statements. I've got some photographs. I need some milk. We use ‘any’ with negative statement. T haven't got any photographs. | don't see any student there. We use ‘any’ with questions. Have you got any photograph? Is there any water in the jug? Are there flowers in the garden? Yes, these are What about jasmine? Are there jasmines? No, there",,
class6-english,6,33,126,unicode_replacement_character,"Lesson 9 Health is Wealth ask and answer questions © participate in dialogues and conversations on familiar topics © read and understand written instructions read and understand texts Choose a health problem from the box and write next to the appropriate picture. There are names of more problems in the box than are necessary. a fever, a backache, a cough, a headache, a toothache, a skin injury, a ",,
class6-english,6,34,145,unicode_replacement_character,"English For Today 29 Look at some health problems. Choose several pieces of good advice for each problem. There are more pieces of advice than problems. Problems Advice a, take some vitamin C put some ointment on it a c. drink lots of liquid take enough rest aheadache e, put a heating pad on it f. put it under cold water the g. take some paracetamol h. gurgle with warm and salt water i, see a dent",,
class6-english,6,35,157,unicode_replacement_character,"problem and its remedy in the box below. (One is done for you), Problem Remedy an insect bite antiseptic a stomachache an antacid a burn Burnol ointment a skin injury antiseptic Have you ever had an insect bite? Oh, yes! I had one just last night, actually. A What did you do? put some antiseptic on it. Read the text. A proverb says ‘Health is Wealth’. To keep healthy is to keep free from disease a",,
class6-english,6,36,164,unicode_replacement_character,"English For Today 31 Some important rules of good personal health are as follows: Balanced diet: Our food should contain correct proportion of carbohydrates, fat, protein, vitamins, minerals and water in it. Personal hygiene: We should follow the personal health practices, . Wash your hands before eating . Bathe regularly and wear clean clothes . Brush your teeth twice regularly . Do not let your ",,
class6-english,6,37,165,unicode_replacement_character,"Sohan Hi, Simon! You look so fit! Do you exercise regularly? Simon Yes, I do. I'm quite .......... about fitness. Sohan So, how ......... do you exercise? Simon Well, | do jogging every day in the Then I play table tennis in the afternoon. Sohan table tennis, too. Simon Oh, will you come to play .......... then? Sohan Sure. But do you play? Simon Pretty well, I guess. Sohan All right. But I'm not ",,
class6-english,6,39,268,unicode_replacement_character,"People around the world are slowly changing their attitude towards medicine. More and more they are turning to natural cures. Natural cures are made of natural things, most often herbs and plants. History says that natural or herbal remedies are nothing new. People used them all along in different ages. Herbal medicines were used in ancient civilisations like India, China, Greece, Egypt and Rome. ",,
class6-english,6,40,222,unicode_replacement_character,"English For Today 35 Work in pairs. Complete the following expressions with words from bottle box can package tube Now. write down some sentences using these phrases. Read the dialogue and practise in pairs. Pharmacist Good morning. Can T help you? Mr Arman Do you have anything for dry skin? Pharmacist Well you may try this new body lotion. It's good. Or, youcan try this brand of olive oil. Olive ",,
class6-english,6,41,257,unicode_replacement_character,"36 English For Today For children's cough, grandmas give two tea-spoons of basil leaf/tulsi juice with one spoon of honey. It works excellent. Some people take grape juice and honey too. It is also good for dry cough. Hot milk with honey is also useful in cough problems. You can take ginger tea which is also a useful home remedy for cough. Lemon juice is good for any cold because it contains vitam",,
class6-english,6,42,38,unicode_replacement_character,"Lesson 11 Ave You Listening?-1 ¢ recognise English sounds ¢ recognise word and stress on words in sentences © recognise intonation in sentences read aloud texts with proper pronunciation, stress and intonation to and read the following words:",,
class6-english,6,43,173,unicode_replacement_character,"Do you notice any difference between the vowel sounds in the words on the left column and the vowel sounds in the words on the right? Then listen to and repeat the sentences pronouncing the underlined words properly using the vowel sounds you just practised in section A. I met Benu and her room-mate in the book store. They were buying some papers and pens. Iremember her friend's face, but I can't ",,
class6-english,6,44,215,unicode_replacement_character,"Lesson 12 An Unseen Beauty of Bangladesh © ask and answer questions read and understand texts © write short paragraphs 1, Have you ever visited any interesting tourist spot in Bangladesh? Tf you have, what was that place. What special attractions did you see If you haven't, what places do you wish to visit? What special attractions will you see there? Which of the following activities would you li",,
class6-english,6,45,217,unicode_replacement_character,"mountain-valley, the modest movement of the river Someshwari, and the abandoned coal mines. There is another river here called Kangsa which is also known as old Someshwari. Shusong Durgapur is located under Netrokona district about 170 km north from Dhaka. Along with its scenic beauty this place is home to diverse indigenous groups: Hajong, Garo, Achik and Mandi. The cultural academy in Durgapur i",,
class6-english,6,46,179,unicode_replacement_character,"English For Today 41 : Can I see any other hills from there? : Yes, you ....... You can see the hills of ...... state from there. : Are there any temples there? : Yes, there ...... You can see the Dasha Busha Temple and the ........ temples there. B2. Discuss the following questions in pairs. In which district is Shusong Durgapur located? How far is Shusong Durgapur from Dhaka? What is the functio",,
class6-english,6,48,188,unicode_replacement_character,"English For Today 43 monument dedicated to the soldiers and civilians who lost their lives during the war, becomes a focal point for citizens to pay their respect. People from all walks of life gather to offer flowers, recite patriotic songs, and recall the sacrifices made by the nation’s heroes. Write the meanings of the following words: Homage, Martyrs, Dedicate, Patriotic, Sacrifice, Commemorat",,
class6-english,6,49,152,unicode_replacement_character,"What did you do there? Well, I went there with my ........... and my brother. Many people were there! Everybody went there to pay to the Liberation War martyrs. We were in a long queue. We had flowers with us. We wreaths of flowers before the mausoleum. My parents took me to the mass graveyards. They told us about the sacrifice of our people for T was VETY to see the mass graves. | prayed for the ",,
class6-english,6,50,135,unicode_replacement_character,English For Today 45 Read the words in Column A. They are used in the text above. Match them with their meanings in the Column B. Column A Column B celebrate cemetery wreath freedom graveyard to give up independence observe martyr garland sacrifice encouragement inspiration a person who died for a religious or political belief Work in pairs and take an interview of your partner. Use these cues. Do,,
class6-english,6,52,236,unicode_replacement_character,"English For Today 47 ""Flap it all up. That will suit you!” the zebra said. ""Yes, it will even look better with a bit of colour to match your moustache,” the giraffe added. “What about a few ribbons?” the vulture asked. Then cried the hyena,“I know, a paper crown is what you need!” A snake was passing by silently. Seeing the king there he simply raised his head. ""What do you think I should do, snak",,
class6-english,6,53,96,unicode_replacement_character,"48 English For Today A2. Answer the following questions: Why did the lion want to change his hairstyle? What was the giraffe's suggestion? Do you agree with the snake’s comment? Why/Why not? A3, Every animal has something that makes it different from others. Now, match the words in column A with the words in Column B to know the different marks of some animals. One is done for you. Column A Column",,
class6-english,6,56,228,unicode_replacement_character,"English For Today 51 Dear Sharmila, How are you? I'm writing to share with you a plan that I have. I know some old, physically weak and lonely people in our town. Some of them are quite well-off and some are not. But they all share one common thing that is they live alone and have no one to take care of them in sickness. Sometimes they don't have anybody to talk to. T have a plan. I want to set up",,
class6-english,6,57,103,unicode_replacement_character,"Lesson 16 Boats Sail on the Rivers © recognise English sounds recognise intonation in sentences © understand and enjoy stories and poems Boats sail on the rivers - Christina Georgina Rossetti Boats sail on the rivers, And ships sail on the seas; But clouds that sail across the sky Are prettier far than these. There are bridges on the rivers, As pretty as you please; But the bow that bridges heaven",,
class6-english,6,58,207,unicode_replacement_character,"Lesson 17 Ave You Listening?-2 recognise English sounds * recognise word stress and stress on words in sentences recognise intonation in sentences ¢ use English sounds appropriately © use proper intonation in sentences ¢ read aloud texts with proper pronunciation, stress and intonation pronounce each word, as the spellings and sounds can be quite tricky! I take it you already know Of tough and bou",,
class6-english,6,63,171,unicode_replacement_character,"58 English For Today A recipe: how to make the perfect Omelette Use a minimum of per omelette. Break the eggs of water and just a little the bowl. Add slices of and ~ well. You need a little bit of j | Beat the mix with a Put oil in a . Then the oil. When the oil is hot, Pa the egg, onion and chilli mix into it. Spread the mix round the pan. Leave the mix in the pan for 2/3 minutes, As it thickens",,
class6-english,6,65,214,unicode_replacement_character,"Lesson 19 Stop, Look and Listen read aloud texts with proper pronunciation, stress and intonation * read and understand texts ""Stop, Look, and Listen” Is a very good rule to use Not just before you cross a street, But when you look for clues. Al, Did you enjoy the poem? Discuss with a partner about what the poet is trying to say here. Quickly read the following text with blank spaces only once. Th",,
class6-english,6,66,186,unicode_replacement_character,"English For Today 61 Hason Raja: The Mystic Bard ¢ read and understand texts © ask and answer questions ¢ read aloud with proper pronunciation, stress and intonation anything about them? A “bard” is one who writes poems and songs. A “mystic” is one who seeks truth and strives to become united with God through prayer and The pictures above are of three renowned mystic bards of Bangladesh: Lalon Sha",,
class6-english,6,67,168,unicode_replacement_character,"wrote about a thousand songs which reflected his thoughts. In 1906, he published a book called Hason Udash. The book had 206 songs in it. In his songs, he called himself ‘Crazy Hason Raja’, or ‘Pagla Hason Raja’. Another volume called Hason Raja Samagra (Complete Works of Hason Raja) was also published, which contained 500 poems and songs. Hason Raja’s songs had always been popular in Sylhet, but ",,
class6-english,6,68,233,unicode_replacement_character,"Lesson 21 Wonders of the World-1 follow instructions, commands, requests accordingly read and understand texts Now, listen to the audio and fill in the gaps of the following text: The pyramids are huge for the ancient kings and queens of Egypt. These kings and queens are known as the Tt needed a few thousand to build the pyramids. The most FAMOUS are the Giza pyramids. Giza is a place near Cairo, ",,
class6-english,6,69,282,unicode_replacement_character,"Now, make some questions based on the passage you read, using the cues given below: Shah Jahan built To complete the Taj it took Read the text about one of the wonders of the world, the Eiffel Tower. Put the verbs in brackets into the correct tense. The Eiffel Tower is a lattice tower in Paris. It (be) built in Now it i8 (consider) a cultural icon of France. It stands as one of the most recognisab",,
class6-english,6,72,223,unicode_replacement_character,"Read the words in Column A and match the opposite meanings given in Column B. Column A Column B unbelievable simple awesome backdated fabulous ordinary tremendous believable Now, read the following dialogue and fill in the gaps with suitable words, You can use some of the words from the earlier excercises in activity Al & A2 Have you finished reading, Mong Pru? What do you think? Thank you, Nira. ",,
class6-english,6,74,274,unicode_replacement_character,"English For Today 69 went to a Singaporean school. After a few years, he went to Denmark and completed his schooling there. For higher studies, he enrolled in a university in the US, and completed both his bachelor’s and master’s degrees there. Since then, he has travelled to many other countries around the world. Ashar is now in Congo as a member of a voluntary organisation. His main job is to ta",,
class6-english,6,75,185,unicode_replacement_character,"Where is Congo? Who called Ashar Santoso ‘Mr Global Citizen’? Why? Would you like to be a global citizen? If you got the chance to meet Ashar Santoso, what questions would you ask him? Make a list of five questions. The term village’ was .......... used by Marshal McLuhan. In 1962 and he wrote two books on media and communication. In his books he said that telephone, TV and electronic media have b",,
class6-english,6,76,226,unicode_replacement_character,"Lesson 24 Our Wage Earners e ask and answer questions ¢ read and understand texts ® participate in short dialogues and conversations on familiar topics say which words are related with the pictures. wage earner, skilled worker, economy, job, tourists, pleasure, abroad, B, Answer the following questions in pairs, then read the text e Do you know anyone who has gone abroad to earn a living? ¢ Which ",,
class6-english,6,77,158,unicode_replacement_character,"B1.Complete column B of the table below with information from the text you have read. Column A Column B Countries which prefer Bangladeshi Skills required for good jobs abroad Advantages of developing language Advantages of getting better jobs Sohan had a conversation with a Bangladeshi doctor, Mr Arman who works in a hospital in Cairo, Egypt. Read and practise the dialogue in pairs. Can you tell ",,
class6-english,6,78,118,unicode_replacement_character,"English For Today 73 Language Focus Modal verbs can/can't, could/couldn't, may, should, must/mustn't: Can you tell me something about Cairo? Yes, I can. /No, I can't. You could enjoy the night view of Port What else could I see there?) Suez. But you couldn't go across the Red Sea without valid visa. You can have traditional Egyptian dishes What can I have for dinner? . or Continental European, as ",,
class6-english,6,79,172,unicode_replacement_character,the capital of ancient Bengal there. the Lalbagh Fort in the old part of Dhaka. a couple of hours at the Baldha Garden. the Ahsan Manzil too. a boat ride on the Buriganga river. the taste of Mughlai Khana once you're in Dhaka. a Tom Tom ride from Sadarghat to Gulistan. Chatpati or Fuchka on the footpath. But you......... tap water in a restaurant. Read the sentences in Section D (1-10) again. Supp,,
class6-english,6,80,192,unicode_replacement_character,"The Concert for Bangladesh ¢ read and understand texts ¢ ask and answer questions © participate in short dialogues and conversations on familiar topics It’s Friday evening. Mr. Farhad is watching television in the sitting room. His daughter Fahmida comes in. A tall, bearded man with long hair is playing a guitar and singing a song, “Bangladesh, Bangladesh...” on the television screen. Fahmida is t",,
class6-english,6,82,256,unicode_replacement_character,"English For Today 7 Bangladesh, Bangladesh Where so many people are dying fast And it sure looks like a mess I've never seen such distress Now, won't you lend your hand and understand Relieve the people of Bangladesh Bangladesh, Bangladesh Such a great disaster - I don't understand But it sure looks like a mess I've never known such distress Now, please don't turn away, I want to hear you say Reli",,
class6-english,6,83,81,unicode_replacement_character,"Lesson 26 Buying Clothes ask and answer questions read and understand texts A, Match the words with the pictures of clothes. panjabi | shorts | trousers jacket saree jeans T-shirt shoes In pairs, discuss the following questions about you. Have you ever been to a clothes shop? If no, then who buys your clothes? If yes, then who did you go with to the clothes shop? Which new clothes would you like t",,
class6-english,6,84,256,unicode_replacement_character,"English For Today 79 Mrs.Urmila Karim is going to buy some clothes for her son Imran. They are now at a clothes shop. Read the conversation between Imran and the shop assistant. Imran Excuse me, where are the polo shirts? Assistant They're over there in the boy's section. Let me show you. Imran Thanks. Do you have one without a chain? Assistant Yes, quite a few, sir. What size do you wear? Imran M",,
class6-english,6,85,112,unicode_replacement_character,"C2. Look at the useful expressions that Imran uses at the shop. Use the words below for each incomplete sentence to make a complete sentence. Excuse me, where are the ? polo shirts/trousers/socks/shoes Do you have the kinds without .............. ? buttons/lace/hooks Do you have these in a different ? colour/size/design this/these/the shirt/these socks/the trousers, etc. Read the conversations bet",,
class6-english,6,86,77,unicode_replacement_character,"I need some shoes. How about these? No, the heels are too high. Do you want flat shoes then? No, not flat, something in between. A bit of heel but not too high. What about this T-shirt, Imran? No, mom. I don't like the cartoon on the front. Well, what about that one, with writings on the chest? No, I don't really like that either. I want something completely plain, like this one, no writings, just",,
class6-english,6,87,183,unicode_replacement_character,"Imran I need to buy a shirt, too. Mrs. Karim Look, this shirt has nice prints! Imran No, mom. I want something more formal. Mrs. Karim — Then what about this one with stripes? Imran No, it's too boring. Look at this shirt with checks. This Mrs. Karim __ Yes, that's much better. Well, take it then. | try wearing flat match suit | size cheaper shorts fit 1, Thave gained so much weight. My clothes do",,
class6-english,6,89,71,unicode_replacement_character,"Lesson 28 Arve you Listening?-3 © recognise English sounds © recognise word and stress on words in sentences read aloud with proper pronunciation, stress and intonation A, Listen to and say the following words. Notice how the letter ‘O’ is pronounced in words in List 1 and List 2 AL. Listen to and practise saying some more words with the two vowel sounds together (dipthong) as in the word ‘hope' o",,
class6-english,6,93,173,unicode_replacement_character,"Lesson 30 What Should WeDo? ¢rcad and understand texts «read and understand written instructions write questions and answers © write short paragraphs Bahar, Azim, Joseph and Shujan are classmates, They are planning a Bahar We have a week's vacation next week. What should we do? Azim Let's go somewhere we haven't been before. Joseph Right! T saw an ad for an interesting place. Hmm... well, here it ",,
class6-english,6,94,139,unicode_replacement_character,"English For Today 89 Al, Make a list of the places the friends wanted to go to. Why did they want to go to these places? A2, Think of a place you would like to go to. Now write down a few sentences about where you want to go, why you want to go there, who you want to go with. Language Focus For suggestions, we often use these expressions: What should we do? Why don't we . ? A3. Write short dialogu",,
class6-english,6,98,223,unicode_replacement_character,"Al, Read the letter again and then answer the following questions: a, Why was Robin excited? How would he go to the country? A2. Write a few sentences of your own with the following expressions: I would like you to Would you please A3. Write a similar invitation letter to a friend. Tell him /her about some of the things you plan to do together. A few days after Robin came back home from his aunt's",,
class6-english,6,99,96,unicode_replacement_character,"Lesson 33 The Garden read and understand texts * use punctuation marks e.g. comma, full stop, qusestion mark, exelamation mark, quotation marks in sentences © understand and enjoy a story Read the story below: Frog was in his garden. Toad came walking by. ""What a fine garden you have, Frog.” he said. ""Yes,"" said Frog. It is very nice, but it was hard ""I wish I had a garden,” said Toad. ""Here are s",,
class6-english,6,101,91,unicode_replacement_character,"Frog ran up the path. “What is going on?” he asked. ""My seeds will not grow,"" said Toad. ""You are shouting too much,” said Frog. ""These poor seeds are afraid to grow.” ""My seeds are afraid to grow?"" asked ""Yes,"" said Frog. ""Leave them alone for a few days. Let the sun shine on them, let the rain fall on them. Soon your seeds will start to grow.” That night Toad looked out his window. ""Oh, no!” cri",,
class6-english,6,103,57,unicode_replacement_character,"""What shall I do?” cried Toad. ""These seeds are still afraid to grow.” Then Toad became very tired, and he fell asleep. ""Toad, Toad, wake up,” said Frog. ""Look at your garden!"" Toad looked at his garden. Little green plants were growing up out of the ground. ""At last,"" shouted Toad, “my seeds are not afraid anymore.”",,
class6-english,6,105,187,unicode_replacement_character,"One is done for you. Column A Column B Punctuation marks Punctuation marks are special symbols used in writing to separate sentences and phrases. They show how a piece of text should be read and understood. The most common punctuation marks in English are: Full stop (.) — This shows that the sentence has ended. Comma {,) — This indicates a short pause in the sentence. Question Mark (?) — This is u",,
class6-english,6,106,284,unicode_replacement_character,"English For Today 101 Sample Question Subject: English First Paper Time: 3 hours Marks: 100 [Marks for individual items are mentioned next to the test items] Part A - Reading (Marks: 70) Read the text and answer the questions 1 & 2: Bulbul collects rubbish from the Sankar area in Dhaka. Every morning, he wakes up at 5 o'clock and walks along the streets of Sankar to collect rubbish. People of Sank",,
class6-english,6,107,305,unicode_replacement_character,"102 English For Today Why was Sankar in great trouble last month? Bulbul went on vacation. The people refused to throw away their rubbish. ili, Bulbul was sick for two days and could not collect the rubbish. scattered the rubbish everywhere. e) What does Bulbul believe about his job? It is not important. Only educated people should do it. iii, All jobs are important. He does it just for money. f) ",,
class6-english,6,110,215,unicode_replacement_character,"English For Today 105 Answer any five of the following questions from the poems in your text- What is the main idea of the poem “Holding Hands”? What does the poet say about trunks and tails in the poem “Holding What does the line ""But bows cannot be built in heaven"" suggest in the poem “Boats sail on the What is the overall theme of the poem “Boats sail on the rivers”? How does the poem “The Chao",,
class6-english,6,113,433,unicode_replacement_character,"108 English For Today On his way, he noticed a woman searching frantically near the road. She looked worried and was asking people if they had seen a purse. Mamun approached her and asked, “Are you looking for something?” The woman explained that she had lost her purse, which contained her family photo and important cards. Mamun smiled and handed her the purse, saying. “I found this on the road. I",,
class6-english,6,114,0,empty_text,,,
class7-english,7,1,12,very_short_page,"@® ENGLISH FOR TODAY G US: National Curriculum and Textbook Board, Bangladesh",,
class7-english,7,3,54,possible_front_matter,"69-70, Motijheel Commercial Area, Dhaka [All rights reserved by the Publisher] First edition written and edited by Zulfeqar Haider Md Abdur Razzaque First Publication : September 2012 Revised Edition : September 2014 Revised Edition : November 2020 Revised Edition : October 2025 For Free Distribution by the Government of the People’s Republic of Bangladesh",,
class7-english,7,5,59,unicode_replacement_character,"Unit Title Pages Unit 1 Attention, Please 1-9 Unit 2 My Study Guide 10-15 Unit 3 What are Friends for? 16-25 Unit 4 People Who Make a Difference 26-47 Unit 5 Great Women to Remember 48-54 Unit 6 Leisure 55-71 Unit 7 Games and Sports 72-85 Unit 8 Likes and Dislikes 86-97 Unit 9 Climate Change 98-107 Sample Question",,
class7-english,7,7,143,unicode_replacement_character,"2 ENGLISH FOR TODAY Lesson 1: In the Classroom Teacher : Good morning and welcome everybody. Good morning, teacher. Teacher : Are you ready for the class? Students : Yes, teacher. Teacher Have you got your new books? Students Yes teacher, We have. Teacher Good! Please remember to bring your English book every day. And speak English with me and with your classmates. Read the conversation and act it",,
class7-english,7,8,182,unicode_replacement_character,"Unit one : Attention, Please 3 Lesson 2: Outside School Fahim : Can I borrow your pen, please? Tamim : Yes, of course, you can. Here it is. Radif : Could you please help me with my maths? Rahin : Sorry, | can’t. [’m not good at maths. Sister : Would you turn the television off? I'm doing my Brother : Sorry, | didn’t notice that. Please go on with you lend me your English book for a day? : Sorry, I",,
class7-english,7,9,106,unicode_replacement_character,"Lesson 3 : In the House Keywords : mop (v), mop (n), detergent and read the dialogue. : Reza, will you come : Look, the kitchen is very untidy. I want to make it neat and tidy. Would you give me a hand? : Could you take the pots and plates from the table and put them in the cupboard? : First sweep the floor. Will you bring me a broom, please? : Thank you. Now I’m going to mop the floor. Could you ",,
class7-english,7,10,210,unicode_replacement_character,"one : Attention, Please Match the sentences in column A with suitable answers in column B. Some answers in B may match more than one question. . Would you read the shopping Certainly, I'll do it. Why? Rina is watching. . Will you go to the market, No, thanks. I have enough with . Will you buy me one litre of cooking oil, please? Sorry, I can’t. I’ve left my glasses + Would you buy me some rice? + ",,
class7-english,7,11,115,unicode_replacement_character,"6 ENGLISH FOR TODAY Asif : Go along---come to crossroads---turn left---go about two hundred metres-tall building --station on the right. Thank you very much. Passer-by : It’s OK. : ‘Excuse me’ is a polite way of drawing somebody’s attention. ‘It’s OK’: You can also say, ‘You're welcome’. Look at the map. Suppose, you are now on Park Road and you want to go to Mosque Road or Zilla School. Ask your ",,
class7-english,7,12,106,unicode_replacement_character,"Unit one : Attention, Please 7 Lesson 5: At a Bookshop 1, What is it? Where can you find it? Is there a bookshop near your house or school or in your upazilla/town? Tell us about it. Can you guess what these two persons in the picture are talking about? to the teacher / audio and answer the following questions. Listening text: 1 What do you mean by ‘in stock’ and ‘out of stock’? Who are talking in",,
class7-english,7,13,147,unicode_replacement_character,"Work in pairs. One of you is a customer and the other is a shop assistant. The following dialogue is not in the right order. Write the dialogue in right order and act it out. Hello. Can T help you? Yes. An eraser too. Fifteen taka, please. Here they are. Sure. Anything else? Here is the money. Can | have a pencil? Lesson 6: In a Restaurant Answer these questions. Have you ever eaten at a restauran",,
class7-english,7,14,157,unicode_replacement_character,"Unit one : Attention, Please 9 Work in pairs. Write a dialogue between a waiter and a customer ina restaurant, giving and taking orders for the following food items. When you finish writing, act out the dialogue. rice, fish curry, dal, vegetables, fresh juice, mineral water Lesson 7: At a Railway Station and answer the following questions. Listening text: 3 What is the announcement for? Where is t",,
class7-english,7,16,112,unicode_replacement_character,"Unit 2 : My Study Guide 11 Lesson 1: Find Your Word Read the dialogue. : Students, do you have a dictionary? : Yes miss. I have one. : [have one, too. : Do you know how to look up a word in a dictionary? : Not really. It often takes a long time to find the meaning of a word ina dictionary. : How about you, Ananda? : Same with me. I often get confused. So many words, so many because you haven’t lca",,
class7-english,7,17,743,unicode_replacement_character,"B noun, ymbtot the ‘bathwater to lose sth that you want at © noun b) (pi. B's, b's /bix/) 4 [C, U} the second letter the same time as you are trying to get rid of ath that you do not want—more at suxEP 0. of the English aly : ‘Butter’ begins with (0) B/'B’. (C. U) the 71H note in the Sod. lonty before noun] baby are a very srnall version of particular vegetables, or are picked when they are very a",,
class7-english,7,18,254,unicode_replacement_character,"Unit 2 : My Study Guide 13 Make a list of the letters/words in bold. Answer the following questions. What do you see at the top left corner of the dictionary page? What is the first letter and word in the left hand corner? Read the text about how the dictionary page has been written. The teacher asks the class, “Have you noticed that the words in bold are written one after another? OK. Do you find",,
class7-english,7,19,170,unicode_replacement_character,"14 ENGLISH FOR TODAY Rupa : She is! I also like her very much. And she is very organised. She knows how to make us work in groups and pairs. So we are never Ananda: By the way, I’ve another problem. Do you understand the ‘Table of Contents’ at the beginning of a book? Rupa : Hmmm...yes, I’ve learnt it from my elder can try to explain it to you if you like. Ananda: So,nice of you. I really need it.",,
class7-english,7,20,223,unicode_replacement_character,"Unit 2 : My Study Guide 15 How many subjects / topics do you see here? What do the numbers on the right-hand side mean? Who do you think the people whose names are written after the subyects or topics are? 4 What is each topic / subject called? read, and , books, are, topics of, book. only, which, is The text above is a table contents. It shows what subjects.......... there IN a , journal, magazin",,
class7-english,7,21,39,unicode_replacement_character,"What are Friends for? Learning Outcomes After we have studied this unit, we will be able to ask and answer questions « talk about familiar events © read and understand texts * write answers to questions « short compositions",,
class7-english,7,22,249,unicode_replacement_character,Unit Three :What are Friends for? 17 Lesson 1: Prize-giving Day at School Key words: eminent outstanding performance following questions. Whom can you see in the picture’? What are they doing? Read the text about a prize-giving Farabi is Flora’s best friend. They live in the same area. Also they both are in class 7. But they go to different schools. It is a school holiday. Flora has come to visit ,,
class7-english,7,23,187,unicode_replacement_character,18 ENGLISH FOR TODAY Match words with their meanings. Words Meanings visit + speak highly of something or somebody ceremony * extremely good eminent * go to see a person or place praise * put something in a place where you can see it easily outstanding + function displa: * people having lots of power and influence Ask and answer in pairs. Make questions and then choose answers from this table. Que,,
class7-english,7,24,197,unicode_replacement_character,"Unit Three :What are Friends for? 19 Lesson 2: Flora’s First Day at School (1) Keywords: recall add chat Next week Farabi comes to visit Flora in her house. They are having a chat. “Can you remember your first day at school, Flora?” Farabi asks. “Oh, yes, I can,” Flora says. “‘] can recall exactly what happened. Would you like to hear it?” love to,” says Farabi. “Please, tell me.” “Okay,” says Flo",,
class7-english,7,25,149,unicode_replacement_character,2 Flora is talking about her school. 3 Flora first went to school at the age of 6. 4 Her mother dressed her in her best clothes. 5 Flora walked to school. Flora is a student. She is class 7. She can remember her day at school even today. She to school in 2006. Her mother her to school. The school was a long way from their house. Flora walked to school her mother. Match the words with their meaning,,
class7-english,7,26,324,unicode_replacement_character,"Unit Three : What are Friends for? 21 Lesson 3: Flora’s First Day at School (2) Keywords : intelligent, stare, nervous Read the text to know more about Flora’s first day at school. Flora continues her story. ° It took us half an hour to reach the school. | saw many students on the school campus. Some were playing and some were talking to each other. | didn’t know anyone. So I was a little My mothe",,
class7-english,7,27,149,unicode_replacement_character,The Head Teacher was pleased with Flora because she (Flora) looked very innocent. had a sweet voice. could answer the Head Teacher’s questions. was very smart. Who took Flora to the class after admission? the Head Teacher Flora felt nervous in the class because it was a new place. the class teacher was very strict. she did not know any student in the class. the class did not welcome her. Make sent,,
class7-english,7,28,229,unicode_replacement_character,Unit Three : What are Friends for? 23 Lesson 4: A Sad Day for Farabi Keywords: ruffled insist What will you do if your parents do not want you to go on a picnic with your What will you do if you miss the picnic bus? Read about what happened to Farabi yesterday and answer the following Farabi was sitting with his head down. He looked sad. His hair was untidy and ruffled. It was clear he did not bru,,
class7-english,7,29,109,unicode_replacement_character,". His hair was ruffled. Here ‘ruffled’ means brushed and tidy. clear and smooth. not brushed or combed. Farabi didn’t want to talk to Flora because something sad happened to him. he stopped talking to his friend. he was unwell and sick. . “Please tell me what’s wrong,” Flora insisted. Here ‘insisted’ means . Your pain in the mind will be if you talk about it with your friend. « Which is the correc",,
class7-english,7,30,334,unicode_replacement_character,"Unit Three : What are Friends for? 25 Lesson 5: The Best Friend Keywords : slap oasis quicksand erase engrave Read what Flora said to Farabi and then read the story. “Don’t be sad, Farabi, and don’t think seriously about what your friend, Harun did. ... I know a story about friends. Listen.” Two friends were walking through a desert. After a while they had a quarrel, and one friend slapped the oth",,
class7-english,7,33,227,unicode_replacement_character,"She got GPA 4 in her She took a break of one year to get training to become a teacher. to take care of her daughter. to take a BA degree. Why did Shahana’s husband want her to work in an office? Because he thought teaching was not a job. teaching was less paid. people did not like teaching. write a short composition about it. Lesson 2: A Teacher(2) Keywords: company, vacant, status, respect, in-la",,
class7-english,7,35,264,unicode_replacement_character,"30 ENGLISH FOR TODAY A father is talking to his daughter about her aim in life. girl wants to be a pilot. father asks her why. The young replies that the job of a is challenging that she likes. likes the speed responsibilitics a pilot’s life. The father asks she is not afraid of plane . The daughter says, “An accident The father appreciates his daughter’s and wishes her good luck. F. Read the comp",,
class7-english,7,38,201,unicode_replacement_character,"Unit Four : People Who Make a Difference 33 the ineffectiveness of political establishments and grew increasingly frustrated with the status quo. The July Uprising of 2024 signals an urgent call for adaptation. Outdated methods can no longer meet the challenges of today’s world. To support Gen Z’s ambitions truly, we need concrete steps as political rhetoric has made them failed. Only with this co",,
class7-english,7,39,216,unicode_replacement_character,"Awareness or understanding of something, especially the state of one’s mind. e. The feeling of being upset or annoyed, especially Frustration because of an inability to change or achieve something. (Lost Generation, Gen Z, political, digital, connected) 1, The term “ "" refers to the generation affected by the aftermath of World War | and the Great Depression. is the first generation to grow up ent",,
class7-english,7,40,226,unicode_replacement_character,"Unit Four : People Who Make a Difference 35 “Mine to keep just for a little while, To teach him how to be gentle and kind, To train and direct his dear little mind, To help him live by every rule And get the best he can from school.” “Whose child is this?” I ask once more, Just as the little one entered the door. said the parent and the teacher as they smiled, And cach took the hand of the little ",,
class7-english,7,41,193,unicode_replacement_character,"Lesson 5: Fixed Price Shop Keywords: bargain, haggle, offer, agree on Look at the shop and answer these questions. What kinds of things do you find in the shop? What are the students doing? Who is the shopkeeper? Read the text and answer the following questions. Ms Shahana Huda is talking to the students about a new kind of shop. Shahana ~- You can buy any stationery items here, like pens, pencils",,
class7-english,7,42,323,unicode_replacement_character,"Unit Four : People Who Make a Difference 37 shopkeeper says, “No, I can’t sell it for 200 taka.” Then you offer 225 taka and he may still say, “No, it’ll be a loss for me.” This process of asking for and offering more and less money is called ‘bargaining’ or ‘haggling’. lt goes on until you both (buyer and seller) agree on a price, say 250 taka in this case. This price is acceptable to both of you",,
class7-english,7,43,282,unicode_replacement_character,"38 ENGLISH FOR TODAY Students : Wrong thing. Then your conscience will tell you, “This is a wrong thing. You must not do it.” If you steal or do a bad thing, your conscience will prick you and trouble you. And you will never have your peace of mind. So, to be a good and happy person, you should have a clear conscience. Tick the best answers to the following multiple choice questions. “The students",,
class7-english,7,44,154,unicode_replacement_character,"Unit Four : People Who Make a Difference 39 Lesson 7: The Homemaker (1) Where do you think the family lives? Ask and answer the question in pairs: What do you see in picture 1 / 2/ Read about the family. Mrs Nazma and Mr Joynul Ali live in a small village with their daughters, Mitu aged 7 and Nitu aged 5. Joynul is a carpenter. He is hired by the villagers to make chairs, tables, pira (low stool) ",,
class7-english,7,45,221,unicode_replacement_character,Make two lists of what Nazma and Joynul do in the table below. List A (Nazma) List B (Joynul) © cooks makes stools e washes clothes Continue ..... Continue ...... Match the phrases/words with their meanings. Phrases / Words Meanings live from hand to mouth all the letters in a language a person who does not know how to read rain or shine and write spend all the moncy you carn on basic alphabet nee,,
class7-english,7,46,291,unicode_replacement_character,"Unit Four : People Who Make a Difference “What do you do the whole day at home? 1 work and earn money to run the family. You can’t even coo! my meals in time “I don’t carn money, but | also run the family. I do all the work at home - cooking, cleaning, washing, hus! king, taking care of the children- everything?’ said you work for money but my work in the home can make the family together and make",,
class7-english,7,47,332,unicode_replacement_character,42 ENGLISH FOR TODAY What do you think Joynul should do from now? work harder to earn more money. not waste any time doing housework. help Nazma with her work when he can. Why does Joynul finally look at Nazma with deep admiration and gratitude? he is not sorry for what he has done to Nazma. he has understood the value of sharing work in the family. Nazma is willing to do all the housework in the ,,
class7-english,7,48,89,unicode_replacement_character,"Unit Four : People Who Make a Difference 43 I’m coming to see your Morality Shop with a friend of mine next weekend. See you then. Give my regards to Aunt and Uncle. B.- Imagine you are Hridoy. Write a reply to Riah’s letter. Lesson 10: A Friend of the Poor A- you ever visited any hospital or healthcare centre? If yes, fill in the circles for a healthcare centre. One is done for you. B.- Listen to",,
class7-english,7,49,128,unicode_replacement_character,Dr Mahmud Hasan was born in Mymensingh town. What did Mr Hasan do during the Liberation War? He took part in the battle. He worked for the government. He set up a hospital. The sufferings of the poor people made him work in a Red Crescent Hospital. changed his mind for working for the poor. made him join the Liberation War. Dr Hasan went to his village before he gave up his job. after he gave up h,,
class7-english,7,50,185,unicode_replacement_character,Unit Four : People Who Make a Difference 45 Lesson 11: Waiting for a Torch Bearer Keywords: poverty torch responsibility talking about. ATV reporter is interviewing Dr Mahmud Hasan about his dream. Read the interview. Why have you chosen this village for your work? The people of my village do not get proper healthcare support because of poverty. I have chosen the village to give them a little heal,,
class7-english,7,51,221,unicode_replacement_character,"Ask and answer the questions, Is the healthcare support free to all? Why is the doctor waiting for a torch bearer? Who will be in charge of the centre? 4 Do you think the money he gets from the patients is enough to run the centre’? Why do you think so? use a word more than once. give, choose, do, is, get, help I want to the poor people. I will it to healthcare support to the poor. They do not tre",,
class7-english,7,52,320,unicode_replacement_character,Unit Four : People Who Make a Difference 47 Q Can you guess why they talk about all these things? Every afternoon the man in the bed by the window would sit up and talk to his roommate about all the things he could see outside the window. The man on the other bed eagerly waited for this speaking and listening time. His friend’s vivid descriptions of passing things seen through the window inspired ,,
class7-english,7,54,194,unicode_replacement_character,"Unit Five : Great women to remember 49 Lesson 1: Begum Rokeya (1) Who is the woman? What do you know about her? Read about Begum Rokeya. Begum Rokeya (1880-1932) was a famous writer and a social worker. She lived in undivided Bengal in the early 20"" century. She believed that women should have the same rights and opportunities as men have in the society. So she fought for their cause throughout he",,
class7-english,7,55,104,unicode_replacement_character,Shakhawat Hossain’s working place was Bhagalpur is a district in occupation born in married in family language Answer these questions. What was Begum Rokeya’s belief? What did she fight for? What kind of family did she come from? Why did many upper-class Muslims learn Arabic and Persian at Why did Rokeya learn Bangla? Lesson 2: Begum Rokeya (2) Read these questions first. Then listen to the teache,,
class7-english,7,56,191,unicode_replacement_character,"Unit Five : Great women to remember 2, Begum Rokeya set up a girls’ high school in ¢. Pairabandh. Begum Rokeya set up this school in memory of her 4, There was a dispute in her husband’s family. Here ‘dispute’ means that the members were of the same opinion. had different opinions. ec. did not like each other. 5, Sakhawat Hossain Memorial Girls’ school is a private school. a government school. ¢. ",,
class7-english,7,58,139,unicode_replacement_character,"Unit Five : Great women to remember True or False? If false, give the correct answer. Helen always helped the suffering people. She came from a rich family. Anne Sullivan was a good teacher of Helen Keller. She died young. Sullivan was taught by Helen. E, Answer the questions. 1 What did the Director do for Helen? How did Helen increase her reading skills at Radcliffe College? 3 What is Helen famo",,
class7-english,7,61,188,unicode_replacement_character,Lesson 1: A Day in Zishan’s Life Read about Zishan’s daily routine. 6:30 am : wake up 7:00 am : breakfast 4:00 pm—S.00 pm snack and free time 5.00 pm—6.00 pm study with maths / science teacher 6:15 pm—7:15 pm study with English / Social Science teacher 7:30 pm—8:30 pm homework 8:30 pm : supper 10:30 pm : go to bed On Fridays Zishan does not go to school. But he studies for one hour with his teache,,
class7-english,7,62,184,unicode_replacement_character,"Unit Six : Leisure 57 Lesson 2: Leisure Keywords: stare, streams Read aloud and recite the poem. What is this life if, full of care, We have no time to stand and stare. No time to stand beneath the boughs, And stare as long as sheep or cows. No time to see, when woods we pass, Where squirrels hide their nuts in grass. No time to see, in broad day light, Streams full of stars, like skies at night. ",,
class7-english,7,63,176,unicode_replacement_character,"58 ENGLISH FOR TODAY Lesson 3: What are They Doing? Keywords : glued to, upload, download, messages A- Work in groups. Look at the pictures and talk about what the boys and girls are doing. Nowread the paragraphs and match them with the pictures. 1, Young children play this game on the ground. The ground is marked by a set of joined squares. Each child throws a stone into a square, then hops (jump",,
class7-english,7,64,184,unicode_replacement_character,Unit Six : Leisure 59 Which activities mainly take place in cities and which activities mainly take place in villages? Also say which activity or activities can take place both in cities and villages. free-time or leisure activities and which are not? Why are they so? © studying for exams e listening to music ¢ visiting relatives on weekends ¢ attending music lessons reading story books ® going to,,
class7-english,7,65,112,unicode_replacement_character,"2, Julie is Zishan’s sister. Zishan and Julie have finished their exam. second terminal Zishan and Julie chat online. This means they talk to their on the internet. on the telephone. inthe classroom. 5, Zishan and Julie are getting bored. The underlined words mean making friends. becoming angry feeling tired. Zishan and Julie are getting bored because they are staying in the house. they are stayin",,
class7-english,7,66,212,unicode_replacement_character,"Unit Six : Leisure 61 Lesson 5: Travelling by Train (2) Keywords : departure, empty, printout Ask and answer this question: Have you ever looked through the window from a running train? If you have, what did you see? Read about a train journey. Zishan, Julie and their parents Mr and Mrs Arif Khan got into a 1* class compartment at Kamalapur Railway Station. It was the Dewanganj- bound Tista Expres",,
class7-english,7,68,254,unicode_replacement_character,"Unit Six : Leisure 63 Make a list of things that you can see passing quickly by a running train. Make a list of the words and phrases that tell us about how fast the train is running, Examples: faster than fairies, charging along etc. E. Listen and read the first two lines with stress. Faster than fairies, faster than witches, Bridges and houses, hedges and ditches; F. How fast can you say? The ra",,
class7-english,7,69,195,unicode_replacement_character,"“What sports do you take part in, Zishan?” asked Jahid. Zishan could not answer. There was no playground in his school and around his house. Shima also told them how she won the first prize for 100 metre sprint in her school annual sports. She sang a heart touching Bhawaiya song. Everybody clapped their hand in delight. Julie’s aunt Mrs Jahanara Khan told some funny jokes that made them laugh thei",,
class7-english,7,70,154,unicode_replacement_character,"Unit Six : Leisure 65 school and home. Also write who helps you with these activities. If you cannot do any of these activities, write why. Lesson 8: The Selfish Giant (1) Keywords: selfish, giant, gruff, trespasser Who do you think these people are? Where do you think they are? Can you guess what they are doing? Read the story silently. The family gathering in the yard carried on with laughter an",,
class7-english,7,71,179,unicode_replacement_character,"with sweet fruit. The birds sat on the trees and sang so sweetly that the children used to stop their games in order to listen to them. 'How happy we are here!’ they cried to each other. One day the Giant came back. He had been to visit his friend in a distant land and had stayed with him for seven years. When he arrived, he saw the children playing in his garden. ""What are you doing here? cried t",,
class7-english,7,72,207,unicode_replacement_character,Unit Six : Leisure 67 Lesson 9: The Selfish Giant (2) Keyword : castle Continue reading the story. The children had now nowhere to play. There were no gardens around and the roads were busy and crowded. After school they used to go round the high wall and talk about the beautiful > garden inside. “How happy we were there!” they said to one another. Q. 1. What do you think the children would do now,,
class7-english,7,73,240,unicode_replacement_character,"68 ENGLISH FOR TODAY Lesson 10: The Selfish Giant (3) Keywords : perfume, sight, twitter Continue reading the story. One morning, while the Giant was lying awake on bed, he heard some lovely music. It was so sweet to his ears that he thought it must be the King’s musicians passing by. But in fact, it was only a little bird singing outside his window. Then the north wind stopped and a delicious per",,
class7-english,7,74,93,unicode_replacement_character,Unit Six : Leisure 69 Match the words with their meanings. Words Meanings awake (a) sweet smell perfume (b) sing in a delightful voice sight (c) not sleeping twitter (d) things / objects that you see in groups or pairs and answer these questions. Why was the little bird singing outside the window of the Giant’s What happened to the garden when the spring came at last? Why did one comer of the gard,,
class7-english,7,75,281,unicode_replacement_character,"Continue reading the story. The giant felt sorry as he looked out. “How selfish | have been!” he said to himself. “Now I know why the spring would not come here.” So, he quickly went out into the garden. But when the children saw him they were so frightened that they all ran away, and the garden had the look of winter again. Only the little boy did not run. For, his eyes were so full of tears that",,
class7-english,7,76,147,unicode_replacement_character,"Unit Six : Leisure 71 smile, open, see, stretch out (2), surprise, understand, meet Yesterday, 1 ... . a really tall man in our office lift. He was almost seven feet tall— the tallest man I had ever seen. I was to see such a tall man, and didn’t say anything to him, but he looked at me and politely. Then he his hands and said hello. I also mine, and we shook hands. When the doors of the lift he go",,
class7-english,7,78,138,unicode_replacement_character,"Unit Seven : Games and Sports 73 Lesson 1: Tales of Two Players (1) Keywords : striker, coach, school compound, talk show, quiz the text. Write the day below each picture. Every Thursday afternoon Ashish Biswash plays football. He is a striker. He plays for the local Friends Club. Do you want to know what else he does on other days? This is what Ashish says: “Friday and Saturday are my weekends. O",,
class7-english,7,79,179,unicode_replacement_character,"From Sunday to Thursday I go to the club at 7 o’clock in the morning. It’s the time for our regular practice. So,I have to get up by 6 o’clock. Usually on Monday the team doctor sees all the players. On Tuesday our coach shows us videos of important matches. We learn a lot from them. On Thursdays when we practise, our team manager watches our performance and keeps a record of that. Then he selects",,
class7-english,7,80,125,unicode_replacement_character,Unit Seven : Games and Sports 75 Look at the chart. Listen to the teacher/ audio again and write the time foreach activity in the chart. Listening text: 8 get dressed for school have some light food G. Arun do these things? Complete the sentences. He gets up at 6 o’clock. He doesn’t practise on Fridays. .at four o’clock. (get up) .... to school by bus. (go) in the morning. (jog) He to be a nationa,,
class7-english,7,81,225,unicode_replacement_character,"76 ENGLISH FOR TODAY Lesson 2: Tales of two players (2) Keywords : practise, weight lifter, opportunity, school compound, Read the text below aloud. Ashish and Arun are two players. | have known them for a long time. They are both very close to my family. Ashish is from a village. Arun lives in a small town. Ashish plays football. He doesn’t play tennis. Arun practises cricket but he loves athleti",,
class7-english,7,82,225,unicode_replacement_character,"Unit Seven : Games and Sports 77 : Do you practise on Fridays and Saturdays? : No, I don’t. That’s my What on Fridays? (do) : 1 go to my village home. aNyONne there now? (live) : Yes, my mum lives there. She waits for me. What she do there? (do) : She is a social worker. : practice everyday? (start) : [ start practising at 7 from Sunday to Thursday. How your free time? (spend) : 1 play kabadi, go ",,
class7-english,7,83,148,unicode_replacement_character,What is the first thing you do when you get back home? How long do you watch television each day? your favourite programme? How often do you go out with your friends? Where do you go? What do you do together? What time do you go to bed? What is your dream for the future? H. Work in pairs. Ask and answer the above questions. Keep a record of your partner’s answers and write a paragraph about him or,,
class7-english,7,84,170,unicode_replacement_character,Unit Seven : Games and Sports 79 Do men and women in our country enjoy any of these games or sports? Do you enjoy any of these or other games and sports? Which one/s? Which of the above sports are commonly practised by women in your locality? Which ones are practised by men? Work in pairs. Which of these activities are popular with the following age groups? Tick the activities. Then compare with y,,
class7-english,7,85,126,unicode_replacement_character,"80 ENGLISH FOR TODAY Lesson 4: Sports Personalities Keywords : stout, attractive boring, energetic, manly, entertaining | interesting smashing, successful, sober, dependable, unattractive, slim, smart A- Look at the pictures. Who are they? What are these people famous for? stout, attractive, energetic, strong, young, middle-aged, old, manly, entertaining, interesting, smashing, successful, great, ",,
class7-english,7,86,294,unicode_replacement_character,"Unit Seven : Games and Sports 81 In 1999 the International Olympic Committee (IOC) named Pelé the ""Athlete of the Century”. In his career he scored more than 1200 goals. Thus he has become the top scorer of all time. In his own country, Brazil, Pelé is a national hero. People call him ""The King of Football"", ""The King Pelé” or simply ""The King"". He is the all-time leading scorer of the Brazilian n",,
class7-english,7,89,160,unicode_replacement_character,Find the meanings of the underlined words and phrases from the article using a dictionary or the internet. Match the words/phrases in the left column with their meanings in the right column. maul a. to change or improve something scored a brace b. the beginning ruthless c. a goal that levels the score inception d. lack or shortage undone e. a final blow bullying f. to hurt badly injury time g. eff,,
class7-english,7,90,269,unicode_replacement_character,"Unit Seven : Games and Sports 85 Read and listen to the teacher/ audio. As you listen, fill in the gaps in the text with the right words. Listening text: 9 Financial Express VOL 2020 NO 311DA 1589 | Dhaka, Wednesday February 3 2010. Bangladeshi shooters clinched both the ANd gold medals in the women's 10-metre Air Rifle of the 11th South Asian Games on the opening day of the Complex in Gulshan Tue",,
class7-english,7,92,306,unicode_replacement_character,"Unit Fight : Likes and Dislikes 87 Lesson 1: I Like Folk Songs Keywords : chess photography, fish cutlet, classical music, folk song, pop music, adore (v), bloom {(v) Play this game in pairs. Take turns asking and answering questions. Ask and answer as many questions as you can in five minutes to find similarities between your and your partner’s likes. For each similar liking your pair will get on",,
class7-english,7,93,264,unicode_replacement_character,"88 ENGLISH FOR TODAY Now read about Kobita, a class 7 student of Sundarpur village. What does she say about her likes/dislikes? Hello, I am Kobita. ] am aclass 7 student of Sundarpur High School. I like listening to music in my free time. I like folk songs but 1 don’t understand classical music much. However, my father likes classical music very much, but he doesn’t like pop music. He never watche",,
class7-english,7,94,229,unicode_replacement_character,"Unit Eight : Likes and Dislikes 89 Lesson 2: Kobita’s Village Key words: vocational, theatre, stage (v), children’s classics perform (v), borrow (v), frequent load shedding, delicious, bitter gourd Make questions from the table. Then ask and answer them in pairs. Find how many of you like/dislike each of these five things. watching cricket on TV? reading ghost stories? Do you like eating pineapple",,
class7-english,7,95,78,unicode_replacement_character,"90 ENGLISH FOR TODAY at the food that Kobita usually eats at home. In pairs match the names of the food items given below with the pictures. bitter gourd fish fry chapatti singara egg fry mashed potato Now, discuss which of the foods above you like or dislike. Follow the example below: A: Do you like French fries? Yes, I do. They’re delicious. A: Do you like dried fish? B: No, I don’t. I can’t sta",,
class7-english,7,96,332,unicode_replacement_character,"Unit Eight : Likes and Dislikes 91 Lesson 3: Paul Visits Sundarpur Keywords : volunteer, arsenic poisoning, green coconut In pairs, tell your partner the names of four things- one thing you like, one thing you dislike, one thing you love and one thing you hate. But don’t tell him/her which ones you like, dislike, love and hate. Your partner guesses which one you like/dislike/love/hate. Follow the ",,
class7-english,7,98,349,unicode_replacement_character,"Unit Eight : Likes and Dislikes 93 Paul went to meet Kobita and her family the next day. He was in his blue trousers anda grey T-shirt. Kobita’s mother, Ms Shahana was a shy woman and she was reluctant to come in front of Paul. But Paul greeted her warmly in his newly learnt Bangla, “Kemon achen?”. Ms Shahana loved hearing a foreigner speak in Bangla. She welcomed Paul to her house. Kobita started",,
class7-english,7,100,150,unicode_replacement_character,"Unit Eight : Likes and Dislikes doesn’t appropriately under each member of Paul’s family. Two are done for you. Thing/activity Paul Sister making sandwiches watching animals sitting idly on grass watching others pla’ watching animals Now write sentences using the table about people in Paul’s family and your family. The first two are done for you. 1, Paul likes watching animals. I like watching ani",,
class7-english,7,104,282,unicode_replacement_character,"Unit Nine : Climate Change 99 Lesson 1: Planet Earth in Crisis Keywords : uncomfortable, idle , all day long , climate , shift (v) , temperature , climb (v), survive (v) Read the text and the conversation. Samina is in class 7 and Arif in class 6, They both felt very uncomfortable the other day. It was just the beginning of March and the day was very hot. In the small town of Sherpur, summer had c",,
class7-english,7,105,153,unicode_replacement_character,"Anwar lam going to give you a booklet now. Please read it and you’ll know more about climate change. Samina & Arif :Thank you, Uncle. We will certainly read it. Choose the right answer. 1 Which one of these is an example of climate change? a hot summer day 2 What does ‘climbing’ mean in the statement “temperatures are being in crisis If things go on like this... In this sentence ‘go on’ means to c",,
class7-english,7,106,66,unicode_replacement_character,Unit Nine : Climate Change 101 Drought in north Bengal Wildlife at risk of extinction Stronger cyclone and tornados Rising sea-level at Cox’s Bazar Flooding of rivers in monsoon Higher temperature _ Discuss this question in pairs. Which of the above dangers are you afraid of the most? Why? E. Make a list of two other dangers of climate change that might occur in your locality.,,
class7-english,7,107,227,unicode_replacement_character,"102 ENGLISH FOR TODAY Lesson 2: What Happens in Bangladesh? Keywords: prolonged, adverse, waterlogging, landslide, spell , crop, salinity, coastal, deforestation Samina and Arif are very upset to read about the effects of climate change. They are more curious to know what will happen in Bangladesh. Read the following text to know about this. Bangladesh is already experiencing the adverse impacts o",,
class7-english,7,109,65,unicode_replacement_character,"In small groups discuss these questions. Which animals in Bangladesh are in danger of extinction? What do you think we should do to protect these animals? What problems do you think deforestation can cause in Bangladesh? Write five slogans to make people aware of the problems of climate change. Two are done for you. 1, Good environment is good health Air pollution causes health hazards.",,
class7-english,7,110,295,unicode_replacement_character,"Unit Nine : Climate Change 105 Lesson 3: What Can We Do? Keywords : lifestyle, air-conditioning , dairy products, tackle keep off (v), rechargeable Samina and Arif now read about the things they can do to help stop global warming. Read the passage to know about what we can do. It is easy to understand now that the global warming and climate change are caused by humans on earth. If we make least us",,
class7-english,7,113,308,unicode_replacement_character,Sample Question Subject: English 1st Paper [Marks for individual items are mentioned next to the test items] Part A - Reading (Marks: 70} Read the text and answer the questions | & 2 en Keller was a great humanitarian . She cared deeply for the sick. Injured and disabled people. The disabled people have physical or mental problems that limit their activities or senses. Helen devoted her life to he,,
class7-english,7,114,122,unicode_replacement_character,"Sample Question 109 Cotton plantation (c) Which school did Helen Keller attend in 1890? Perkins School for the Blind Wright Humason School Horace Mann School for the Deaf Radcliffe College (d) How did Helen Keller’s parents find out about the Perkins School for the Froma relative li, through a doctor through a newspaper from her father hearing about it (e) How did Helen Keller learn to read after ",,
class7-english,7,115,278,unicode_replacement_character,110 ENGLISH FOR TODAY Write short answers to the following questions: 5x2=10 (a) How did Helen Keller’s father learn about Perkins School for the Where did Helen Keller begin her formal education? (c) What was the turning point in Helen Keller's life that affected her (d) Describe how Anne Sullivan became involved in Helen Keller’s life. (c} Was Helen Keller’s decision to pursuc education a turnin,,
class7-english,7,116,239,unicode_replacement_character,"Sample Question lil Read the text and answer the questions 5, 6 & 7 On May 29, 1953, Sir Edmund Hillary from New Zealand and Tenzing Norgay, a Sherpa climber from Nepal, became the first to successfully reach the summit of Mount Everest, the world's highest peak at 8,848 meters (29,029 feet). Their historic climb was part of a British expedition led by John Hunt. The journey to the top of Everest ",,
class7-english,7,118,268,unicode_replacement_character,"Sample Question 113 Answer any five of the following questions from the poems in your textbook. 2x5=10 (a) Who are the two people claiming responsibility for the child in the poem ""Whose Child is This?""? (b) What does the poem ""Whose Child is This?” suggest about the responsi- bilities of parents and teachers? (c) What are some of the things the poct sees while traveling on the train in the poem """,,
class7-english,7,120,375,unicode_replacement_character,Sample Question 115 (ativ) Greenhouse gas contributes to global warming. (b+i) Due to human activities the average temperature of the Earth is increas- (c+v) The result of rising global temperatures causes sea levels to rise. (d+iii) Due to environmental changes the variety of plant and animal species is ... decreasing. . . (ctii) To reduce’ global warming and protect the cnvironment some steps sh,,
class7-english,7,121,389,unicode_replacement_character,"116 ENGLISH FOR TODAY Patriotism is the love and devotion for one’s country. It inspires individuals to work for the betterment of their nation and uphold its values. A true patriot respects the country’s history, culture, and traditions while striving to contribute to its progress. Patriotism is not just about celebrating national holidays or waving flags; it is about taking responsi- bility for ",,
class8-english,8,1,7,very_short_page,"Us: National Curriculum and Textbook Board, Bangladesh",,
class8-english,8,3,69,possible_front_matter,"69-70, Motijheel Commercial Area, Dhaka [All rights reserved by the Publisher] First edition written and edited by M S Hoque, Yasmin Banu Surajit Roy Majumder, Md Abdur Razzaque Naina Shahzadi, Nargis Akhter Banu First Publication September. 2012 Revised Editon : September, 2014 Revised Editon : November, 2020 Revised Editon : October, 2024 Revised Editon : October, 2025 For Free Distribution by t",,
class8-english,8,7,214,unicode_replacement_character,"2 English For Today Lesson 1: Folk Song Tractorrel Muse! rote of B nig Tred! ro a oe eh Me, ‘i [P) BANGLADESH or a’ e RNs BANGLADESH. BS * 2 Banas nnn nnn RES 0 hatha dan enn na b5 Giana euges BANGLADESH ov 15 - A set of four stamps issued on 21 July 2011 on Traditional Musical Instruments of Bangladesh Keywords: people's music, oral tradition, self-expression, instruments, migration A. Work in Pa",,
class8-english,8,8,328,unicode_replacement_character,"A Glimpse of Our Culture 3 Gambhira, Lalon Giti, Paalagan, and the songs of Hason Raja all embody the self-expression of the people. As the landscape changes, the music shifts too. In the hill tracts, you encounter music with the same role but expressed in the diverse languages of the ethnic communities. The instruments used for folk music are crafted from materials found in the surroundings—anima",,
class8-english,8,9,215,unicode_replacement_character,"4 English For Today C. Discuss in groups and write a paragraph on the following topic: How has Bangladeshi folk music changed over the years, and what is it’s importance in everyday life and culture today? D. The following sentences describe the life of Hason Raja but are not in the correct order. Rearrange them to form a meaningful passage. a. His unique style of music filled with emotion and dev",,
class8-english,8,10,302,unicode_replacement_character,"A Glimpse of Our Culture s) A. Look at the picture and the questions. Then ask and answer the questions with your partner: 1. What do you see in the picture? 2. What is it called? 3. Have you seen it before? Where? 4. What do we do with it? B. Excerpt from ‘The Field of the Embroidered Quilt’ (Nokshi Kanthar Math) by Jasimuddin: Spreading the embroidered quilt, She works the livelong night, As if ",,
class8-english,8,11,212,unicode_replacement_character,6 English For Today D. Complete the sentences with clues given. There are more words than necessary: 1. Naksha means artistic...0....0.. 2. The name was taken from a............. WOTd eee 3. The art has been practised in.............. Bengal for wo... 4. Nakshi Kanthasare now sold in............ Shops. 5. Nakshi Kanthas are in great demand because of their colourful.............. and wees 6. Naksh,,
class8-english,8,13,235,unicode_replacement_character,"8 English For Today heritage. Although the government is providing continuous efforts to include ethnic people’s languages in pre-primary and primary education, these efforts are facing hurdles like shortage of trained teachers and adequate resources for higher education in these languages. Furthermore, due to the construction of Kaptai Dam in 1957, the people living at the surrounding areas were ",,
class8-english,8,14,257,unicode_replacement_character,"A Glimpse of Our Culture 9 E. Suppose you are Sajeed and you have a Marma friend named Ei Mon. Now, write a dialogue asking and answering questions about your dress, food, culture and pastimes. Lesson 4: Bangladeshi Cuisine A. Look at the pictures and answer the following questions: es an, = Fe dj Og aa —— é ‘aa WIM 7 Winer? een 1. What do you see in the pictures? 2. Which foods are seen in the pi",,
class8-english,8,15,284,unicode_replacement_character,"10 English For Today The people of Bangladesh are very fond of sweets. Almost all Bangladeshi women prepare some traditional sweets. Pitha, a type of cakes made from rice flour, sugar, syrup, molasses and sometimes milk, is a traditional food loved by the entire population. During winter Pitha Utsab, meaning pitha festival, is organized by different groups of people. Sweets are distributed among c",,
class8-english,8,16,251,unicode_replacement_character,"A Glimpse of Our Culture 11 3. Apart from fish, what other foods do we eat with rice? 4. Why are sweets an important part of our life? F. How fast can you say this sentence? Casual clothes are provisional for leisurely trips across Asia. Lesson 5: The Children’s Songs A. Read and recite the poem: The Children’s Songs Land of our Birth, we pledge to thee Our love and toil in the years to be; When w",,
class8-english,8,17,209,unicode_replacement_character,"12 English For Today Land of our Birth, our faith, our pride, For whose dear sake our fathers died; Oh, Motherland, we pledge to thee Head, heart and hand through the years to be! - Rudyard Kipling Word notes: pledge =: makea promise toll: hard work lovest: love thy > your undefiled: pure heritage: the history, traditions, buildings and qualities that a country has had for many years and that are ",,
class8-english,8,19,171,unicode_replacement_character,"14 English For Today Lesson 1: Good Food Keywords: nutritious, substances, physical, structure A. Talk about the picture and read the text: ie: os a, = hy QS we (| Wi as ara “ _ + — a I i. Ms Rehana, the English teacher, is talking to the class about food. “Food is very important for our body,” she says. “We can’t live without it. So, you must always have good food.” “What is good food, teacher?” ",,
class8-english,8,20,165,unicode_replacement_character,Food and Nutrition 15 B. Answer the following questions: 1. What is Ms Rehana talking about? 2. Why do we eat food? 3. What is meant by ‘nutritious food’? 4. How much food does a person need to eat a day? 5. Does everyone need the same amount of food? Why? C. Complete these sentences: 1. We should eat good food to. 2. We should not eat more than. 3. Eating too much food is not. 4. Good food means.,,
class8-english,8,21,201,unicode_replacement_character,"16 English For Today 3. Butter and ghee are a good source of a. protein. b. fat. c. vitamins. d. carbohydrate. 4. Minerals are present in a. nuts. b. peas. c. milk. d. water. 5. Which food has the most carbohydrate? a. Sugar b. Rice c. Fruits d. Vegetables Lesson 3: Our Daily Diet Keywords: essential, disease, calcium, interval A. Read the dialogue: Ms Rehana: Let's talk about some essential foods",,
class8-english,8,22,156,unicode_replacement_character,"Food and Nutrition 17 B. Make five questions from the following table: essential for our body? Why do | good for our skin? What are | we need to eat good food? What foods | is_ | vegetables contain? minerals do to us? C. Now, write the answers to the questions that you have made in section B. D. Read the text in section A again and tick the best answer: 1. Milk is highly rich in fat/calcium/sugar.",,
class8-english,8,23,167,unicode_replacement_character,"18 English For Today C. Look at the picture. What do you see in the bowl? Now, read the ingredients and following recipe. Ingredients: 1. Ripe banana: 1 2. Apple: 1 3. Ripe papaya: | (small) 4. Custard powder: 2 tablespoons 5. Milk: half litre 6. Sugar: 4 tablespoons How to prepare: First, wash the fruits and peel them. Then cut the fruits into small pieces and keep them in a bowl. Now, boil the m",,
class8-english,8,24,164,unicode_replacement_character,"Food and Nutrition 19 Lesson 5: The Little Plant Keywords: bury, sprout A. Talk about the picture. Then read and listen to the poem: The Little Plant In the heart of a seed, Buried deep, so deep, A dear little plant Lay fast asleep. Wake! said the sunshine, _¥ “And creep to the light!” “Wake!” said the voice Of the raindrop bright. The little plant heard.:; And it rose to see ——— What the wonderfu",,
class8-english,8,26,239,unicode_replacement_character,"Health and Hygiene 21 Lesson 1: Health Keywords: disease, essential, concentrate, possession A. Look at and talk about the picture. Ask and answer the following questions: a. How often do you wash hands? b. Why do you wash hands? B. Read the questions first. Then read the text and answer the questions: 1. Why is good health essential for us? 2. Why is physical exercise necessary? Health is the con",,
class8-english,8,28,208,unicode_replacement_character,"Health and Hygiene 23 Sound sleep by night; study and ease Together mixed; sweet recreation; And innocence, which most does please, With meditation. Thus let me live, unseen, unknown; Thus unlamented let me die; Steal from the world, and not a stone Tell where I lie. - Alexander Pope B. Answer the questions: 1. What things does a happy man have? 2. How does he pass his time? 3. How does he wish to",,
class8-english,8,30,157,unicode_replacement_character,"Health and Hygiene 25 Lesson 4: A Dialogue Keyword: prescribe A. Talk about the picture and answer the questions: i D. = fy x Ls, ] | = i = *y = 4 7 al \ 1 i =a lia = — oo oa me J | ale 1. Who is the man lying on the examination table? 2. Who is examining the patient? B. Read and act out the conversation: Rabi’s father, Mr Zahir Ali is not well. He has difficulty in speaking. He is now at the doct",,
class8-english,8,31,219,unicode_replacement_character,"26 English For Today Doctor: Allright. ’m prescribing a medicine. Take one tablet in the morning and another at night before meals. I also advise you to have a chest X-ray immediately. If possible show me the X-ray report today in the evening. OK? Rabi _: Ok, doctor. Thank you. Doctor: You are welcome. C. Answer the following questions: 1. Who are talking in the dialogue? 2. Where does the dialogu",,
class8-english,8,32,306,unicode_replacement_character,"Health and Hygiene 27 He used to smoke heavily. He got the bad habit from his college days. Recently, my mother and I were very worried about father’s worsening health condition. He was having continuous chest pain. The doctor showed him his chest X-ray plates. There were dark marks on his lungs. The doctor explained to him that the marks were the signs of lung cancer. He also explained that a poi",,
class8-english,8,33,137,unicode_replacement_character,"28 English For Today 4. According to Rabi's letter, what is the major consequence of smoking? a. improved athletic performance b. enhanced memory Cc. increased risk of fatal diseases d. better social interactions B. Ask and answer the question. First say, then write: 1. What could be the relationship between the sender and the receiver of the letter? 2. What causes lung cancer? 3. Whodo you think ",,
class8-english,8,34,287,unicode_replacement_character,"Health and Hygiene 29 ""What things are necessary for good health?"" he asks the students. ""We need a lot of things, teacher,"" says Rushad. ""We need healthy food, proper rest and sleep. We also have to be clean and tidy."" ""Good!"" says Mr Larma. ""These are the things you need for good health. But another thing that you also need is regular physical exercise."" ""What types of physical exercise can we d",,
class8-english,8,35,141,unicode_replacement_character,"30 English For Today D. Ask and answer the questions: 1. Do you do physical exercise every day? What sort of exercise do you do? 2. Why do you need regular physical exercise? 3. What does physical exercise teach you? 4. What's your favourite sport? Do you take part in it? If so, where do you play it and who with? Lesson 7: A Healthy and Happy Family A. Look at the picture. Then ask and answer the ",,
class8-english,8,36,173,unicode_replacement_character,"Health and Hygiene 31 B. Listen to the text and answer the following questions: U3, L7B Listening text: 2 1. How far is Shakib’s house from his school? 2. Why is Shakib’s house free from mosquitoes? C. Listen again and write 'True' or 'False' against each of the following statements: 1. Shakib’s family lives in a remote town. 2. He has no brothers or sisters. 3. His parents do not know how to read",,
class8-english,8,37,200,unicode_replacement_character,"32 English For Today Lesson 8: Making a Class Committee Keywords: forum, environment, fortnightly A. Look at the two pictures. Then ask and answer questions: diy! | ¢ MRS) | lie i a Ca ie) 70 ae iS je ——— ais Picture 1 Picture 2 1. What do you see in the picture? 2. What are the students doing in picture 1&2? 3. Do you do these things at home? If you don’t, who does? B. Read the passage and answer",,
class8-english,8,40,173,unicode_replacement_character,Check Your References 35 Lesson 1: Introducing a Table of Contents A. Look at the table and talk about it in groups: Contents To the Instructor vii To the Student xiii Acknowledgments XV Unit De Aree a ccasssnssssssasssssssssassssnsssstsonansesussonsnsesuuasennssscuasesssssee 1. The Kiwi 3 2. The Camel 6 3. The Polar Bear 11 4. The Hippopotamus 16 5. The Dolphin 21 Word Study 26 Extension Activiti,,
class8-english,8,41,227,unicode_replacement_character,"36 English For Today B. Now, answer the questions below: 1. Is the table familiar to you? 2. Where do you find it? 3. What is the table about? 4. What is this table called? C. Read the text and discuss it in groups. Then find answers to the following questions: You get a new book in hand. You see the title of the book and you want to read it. But does the title only give you enough information abo",,
class8-english,8,42,181,unicode_replacement_character,"Check Your References 37 E. Open the table of contents page of your English Textbook. Work in pairs and find out the answers to the following questions: 1. What is the title of the page? 2. What are the column heads? 3. Which page numbers contain the topics? 4. Which topic starts in page 44? 5. How many units are there? 6. How many page numbers are there in the book? F. Now, give information about",,
class8-english,8,44,223,unicode_replacement_character,Check Your References 39 B. Look at the dictionary page in Lesson 3 and answer the following questions. Then read the text below: 1. Do you use a dictionary? 2. Why and how often do you use a dictionary? 3. How can a dictionary help you? A dictionary is a collection of words. It lists the words of a language and gives necessary information about them. It tells us about the a) spelling b) pronuncia,,
class8-english,8,45,264,unicode_replacement_character,40 English For Today Lesson 3: Looking up Words in a Dictionary A. Talk in groups about the text in Lesson 4 and about the questions below. Then read the text: 1. Is there any connection between the alphabet and a dictionary? 2. What do you understand by alphabetical order? The words in a dictionary are presented in alphabetical order. It follows the alphabetical order of letters. It means words s,,
class8-english,8,46,262,unicode_replacement_character,"Check Your References 41 Lesson 4: Meanings of Words A. Look at the questions below and read the following text. Now, discuss in pairs: 1. What do you do when you want to know the meaning of a word? 2. How cana dictionary help us? A dictionary gives us the meaning/meanings of a word. Example sentences are given to show how the words are used. They also help to make the meaning clear. A word may ha",,
class8-english,8,50,234,unicode_replacement_character,"Humans and Environment 45 Lesson 1: The Little Bird Key pharases: bird-catching net, gasping for breath, caged bird, let it go, picture books A. Look at the sketch and discuss with your classmates what you see in it: SAA Ny A B. Read the story by Leo Tolstoy and answer the questions that follow: It was Seryozha's birthday, and he received many presents: tops, hobby-horses and picture books. But th",,
class8-english,8,51,383,unicode_replacement_character,"46 English For Today Seryozha went in to dinner and left the net in the garden. When he came to look at it after dinner he saw that the net had fallen and a little bird was thrashing about under it. Seryozha was very excited. He caught the bird and took it into the house. “Look, Mamma! I've caught a bird. It must be a nightingale. Oh, how fast its heart is beating.” His mother said, “It's a siskin",,
class8-english,8,52,196,unicode_replacement_character,Humans and Environment 47 When Seryozha went up to the cage the next morning he saw the siskin lying on its back with its legs curled up. It was dead. Never again did Seryozha catch another bird. C. Match the words in Column A with their meanings in Column B; Column A (Difficult Words) Column B (Meanings) 1. nightingale a. a ledge below a window b. breathing with difficulty 3. thrashing c. to caus,,
class8-english,8,53,143,unicode_replacement_character,"48 English For Today E. Answer the following questions: 1. What did Seryozha receive as a gift from his uncle? 2. Why did Seryozha’s mother not like the idea of catching birds? 3. What kind of bird did Seryozha catch in the net? 4. How did Seryozha take care of the bird at first? 5. If you were in Seryozha’s place, what would you have done differently after catching the siskin? F. Make a list of b",,
class8-english,8,54,171,unicode_replacement_character,"Humans and Environment 49 B. Now read the poem by Rachel Field and answer the questions that follow: Something Told the Wild Geese Something told the wild geese It was time to go. Though the fields lay golden Something whispered, — ""snow"". Leaves were green and stirring, Berries, luster-glossed, But beneath warm feathers Something cautioned, — ""Frost"". All the sagging orchards Steamed with amber s",,
class8-english,8,56,276,unicode_replacement_character,"Humans and Environment 51 Note: skyscrapers — very tall buildings. whipping — moving quickly or being blown around by the wind. drone — acontinuous, low humming sound, like bees make. repass — to pass by again. clarion — a loud, clear sound, like a trumpet. marsh — wet, grassy land, often near water. Jewel-weed — a type of plant with bright orange or yellow flowers. rooted — fixed firmly in place,",,
class8-english,8,57,384,unicode_replacement_character,"52 English For Today down into Mexico, through Panama into South America, down the Andes the length of Chile to those southernmost isles of Tierra del Fuego. There a jaguar jumped a juggler, and afterwards, mortally mauled the animal trainer; and the shocked show people disbanded in dismay and horror. In the confusion, the bears went their own way. Without a master, they wandered off by themselves",,
class8-english,8,58,306,unicode_replacement_character,Humans and Environment 53 Mauled: attacked and injured badly by a person or animal Subantarctic: areas close to but just north of Antarctica Adjacent: next to or very close to something.. Speculate: to guess or make an assumption about something. Aurora Australis: a natural light display in the sky near the South Pole. Meteorite: a piece of rock or metal from space that lands on Earth. Crater: a b,,
class8-english,8,59,252,unicode_replacement_character,54 English For Today 5. Why did the bears thrive on the uninhabited island? a) They were provided food by local people. b) They found an ideal climate and environment. c) They returned to the circus regularly. d) They learned to fish from local animals. 6. How long after the circus incident did scientists discover the bears again? a) 20 years b) 50 years c) 70 years d) 100 years 7. What unusual di,,
class8-english,8,60,403,unicode_replacement_character,Humans and Environment 55 1) What do you see in the picture? 2) Do you think that the children are enjoying what they are doing? Tell why. 3) Do you think it is important to learn how to farm? Explain. B. Read the text by Tetsuko Kuroyanagi and answer the following questions: “This is your teacher today. He's going to show you all sorts of things.” With that the headmaster introduced a new teacher,,
class8-english,8,62,319,unicode_replacement_character,"Humans and Environment 57 Note: dilapidated — in a state of disrepair or ruin due to age or neglect. furrows — long, narrow trenches made in the ground for planting seeds. implements — tools or equipment used for a specific purpose. nuisance — something or someone causing inconvenience or annoyance. perspiration — the process of sweating. esteem — respect and admiration, often for someone or somet",,
class8-english,8,63,164,unicode_replacement_character,58 English For Today Lesson 5: Beauty of Our Small Ethnic Community Culture A. Look at the pictures and discuss in groups the possible answers to the following questions: cae \ apps ES ee Were tad Wace ete a orem aw) ee Aone tee Te SS * XY 4 eo es). rn 1) NIAAA ORE SR oe WSC ecl ee ee WOOL Wan: | See ee ROARS yi ee: Di —| aS ee 1. What do you see in the pictures?? 2. How do the ethnic minority rac,,
class8-english,8,66,79,unicode_replacement_character,Humans and Environment 61 D. Answer the following questions: 1. How do the minority races of Bangladesh contribute to the cultural diversity of the country? 2. Why has the government introduced textbooks in ethnic languages? 3. How do the traditional clothes and designs reflect the cultural values of ethnic communities? E. Find out if anyone from your family has visited any ethnic festival mention,,
class8-english,8,68,244,unicode_replacement_character,"Going on a Trip 63 Lesson 1: At the Airport Keywords: lounge, immigration A.Look at the picture and talk about it: een Ot ML FLO Will A - a oS veer ai iy RR, CNY WZ bk 3 b < a Po Pi / ee Y 1. What do you see? 2. Can you guess where it could be? 3. Who are the people in the picture? 4. What could be their relationship? B. Now read the text and find out if your guesses are correct: Zara lives with h",,
class8-english,8,69,217,unicode_replacement_character,"64 English For Today through the immigration. He gives one to Mita and says,“ You have to give some information about yourself in the form. The immigration officer will check your passport and stamp it. And then you are ready to travel.” Mita, Zara and her parents start filling in the forms. C. Read the text again and answer the following questions: 1. Why is Mita excited? 2. Why aren’t Mita’s par",,
class8-english,8,70,300,unicode_replacement_character,"Going on a Trip 65 B. Now, read the text about Mita, and fill in the departure card in section A on her behalf: Mita’s full name is Mita Sultana Ahmed. She was born on 6 May 1998. She got her passport on June 09, 2010. It isa five-year passport. It will expire on 8 June 2015. After that she has to renew her passport. Her passport number is AB 9842251. She is going to Thailand by Bangladesh Biman, ",,
class8-english,8,71,252,unicode_replacement_character,"66 English For Today 1 Why does a person need a passport? 2 What are those booths for? 3 Why are people standing in a line in front of them? 4 What are the persons doing inside the booth? B. Read the text and answer the questions: Zara's parents, Mrs. Jnuma Islam and Mr. Mazharul Islam, Zara and Mita, fill in their departure cards and move towards the immigration counter. Mita stands in front of o",,
class8-english,8,72,262,unicode_replacement_character,"Going on a Trip 67 1 Are you travelling alone? 1 No. I’m travelling with my aunt, 2 uncle and cousin. e e D. Now, work in pairs and act out the role of Mita and the immigration officer. E. What are the three things needed at immigration? Lesson 4: Boarding the Plane Keywords: seize, enclosed, formality, gel A. Read the text and answer the following questions. Mita, Zara, Mr.and Mrs, Islam all sit ",,
class8-english,8,73,112,unicode_replacement_character,"68 English For Today 3. Why are liquid, gel and cream not allowed on board a plane? 4, Which row is Mita sitting in? B. Listen to the text and complete the chart. First one is done for you: U1, L4B Listening text: 3 1. Destination 1. Bangkok 2. Name of the Airways 2. 3. Flight no. 3. 4. Row numbers of passengers called 4. first to board 5. Rows called for boarding last 5. 6. Final call for boardin",,
class8-english,8,74,222,unicode_replacement_character,"Going on a Trip 69 B. Read the announcement carefully and fill in the blanks below: Ladies and gentlemen, welcome on board Flight BG88 to Bangkok. We are currently third in line for take-off, and are expected to be in the air in approximately seven minutes. Please fasten your seat belt and secure all baggage under your seat or in the overhead compartments. Keep your seats and table trays in uprigh",,
class8-english,8,76,308,unicode_replacement_character,"Going on a Trip 71 1. What is the announcement about? 2. How many times has the word ‘belt’ been said in the announcement? 3. What will you do to fasten your seat belt? 4. What will you do to unfasten your seat belt? C. Read the text silently and do the exercises given in section D & E: Oxygen and the air pressure are always being monitored. In the event of a lack of oxygen, an oxygen mask will au",,
class8-english,8,78,81,unicode_replacement_character,"Going on a Trip 73 4. The cabin crew with their nice behaviour made all the passengers feel safe and......... when the plane was bumping. a) worried b) fixed c) happy Lesson 7: Reaching Bangkok Keywords: derived, parallel, cargo, capacity A. Look at the picture and talk about it: g suvARNABRL! a a oS a ey ee 1. What do you see in the picture? 2. What could be this place? 3. How do you know? Forma-",,
class8-english,8,81,309,unicode_replacement_character,"716 English For Today Mita’s uncle the driver his address, Happy Condo 18 Rachada Pisek Road. The driver and started for the destination. Mita very excited. She Zara’s hand and whispered, “ Oh Zara, I can’t believe I’m here with you and I’m so happy. Mita had never a car at such a high speed. She a little scared. It about one and a half hours to reach their destination. Mita’s uncle paid the drive",,
class8-english,8,82,207,unicode_replacement_character,"Going on a Trip 77 C. Read the text in A and B and write what the following phrases mean inthe texts: 1. their turn 2. a little scared 3. bringing in 4. said 6 5. got settled Lesson 9: The Tha Kha Floating Market Keywords: laden, chit-chat, natives A. Look at the picture and talk about it: ah aia ae = ZT oS Aime ate ER DM AP ae \ ea A — ee Te SS ( Ass ED) ~ Fea = NSE 1 | FH ETS ES, 1. Can you gues",,
class8-english,8,83,284,unicode_replacement_character,"78 English For Today fruits, vegetables, local food, and delicious sweets. The sellers and buyers rowed their boats slowly. The sellers displayed their goods for sale and the buyers chose their pick. They could have a little chit-chat as buying and selling was going on. 1. What kind of market was it? 2. Why did the boatman row slowly? 3. Who were selling goods? How were they selling their goods? 4",,
class8-english,8,84,294,unicode_replacement_character,"Going on a Trip 79 F. Read the text and answer the following questions: They passed an hour and a half at the market and enjoyed the business. Then all of them were hungry. They rowed near the boat of an elderly woman, who was selling food. She welcomed them with a smile and showed them the food. They bought the traditional and very popular food called ‘Pad Thai’, a kind of noodles with shrimps, t",,
class8-english,8,87,207,unicode_replacement_character,"82 English For Today Questions: 1. Do you think ‘pearls’ were discovered by accident? Why? 2. Why do you think pearls were valued so much in the past? 3. What good luck did the knights think pearls would bring them? C. Read the text in B again and write the information in the table: po OO Lesson 2: The Ama Divers Keywords: rare, descend, hazardous, rely A. Read the text and answer the following qu",,
class8-english,8,88,259,unicode_replacement_character,"Occupations at Risk 83 B. Read about the Ama divers of Japan. Discuss in pairs the information that you have got from the text and answer the questions: In some fishing villages along the coast of Japan, there are amazing groups of women known as ‘Ama divers’. These women worked and are still working as Ama. The word ‘Ama’ means ‘women of the sea or sea women’.They are independent divers. They mak",,
class8-english,8,90,227,unicode_replacement_character,"Occupations at Risk 85 Throughout the monsoon, they remain busy with fishing. They also dive for natural pearls in waters. Sometimes, they camp fora couple of weeks. Men catch snakes and entertain people with snake charming and sell herbal cures. Women go from door to door to selling bangles, cosmetics and other things. They also try to heal pains of old people by sucking out blood from their body",,
class8-english,8,91,326,unicode_replacement_character,"86 English For Today C. Listen to the text and fill in the following gaps with right word/s: U7, L3 C Listening text: 6 1. The river gypsies are among the Nation's ---------------- groups. 2. A 2007 report said --------------- percent live below the poverty line. 3. Only 2 percent of gypsy children are given primary ---------- -----------. 4. Most gypsy children travel with their parents for an --",,
class8-english,8,92,145,unicode_replacement_character,"Occupations at Risk 87 E. Suppose you were with Sohan. Ask the bedey woman some more questions. For example, you can ask questions to know about her family members, their names, age, work, their past living places, future plans, food habit, etc: F, Have you ever seen any gypsies/bedey/snake charmers or any person selling things from door to door in your area? Write your experience about any one of",,
class8-english,8,94,188,unicode_replacement_character,Occupations at Risk 89 mobile boat-schools are being established for gypsy children. Some voluntary organisations are running special schools on boats to educate river gypsy children in some areas. Questions: 1. What are the main problems that river gypsies are facing? 2. What is the effect of global climate change in Bangladesh? 3. Why are many river gypsies thinking of changing their lifestyle? ,,
class8-english,8,95,149,unicode_replacement_character,"90 English For Today Lesson 5: Refugees A. Look at the picture and discuss in groups the possible answers to the questions: it ie Li 4 ic Illustration: Dan Williams 1. What comes first in your mind when you look at the image? 2. What is the relationship between the child and the man? B. Now, read the text titled “Sea Prayer” by Khaled Hosseini and answer the questions that follow: My dear Marwan, ",,
class8-english,8,97,316,unicode_replacement_character,"92 English For Today I look at your profile in the glow of this three-quarter moon, my boy, your eyelashes like calligraphy, closed in guileless sleep. I said to you, ""Hold my hand. Nothing bad will happen.” These are only words. A father's tricks. It slays your father, your faith in him. Because all I can think tonight is how deep the sea, and how vast, how indifferent. How powerless I am to prot",,
class8-english,8,98,184,unicode_replacement_character,Occupations at Risk 93 4. Marwan's father feels powerless to protect him from the sea during their journey. 5. Marwan’s family was taking a trip to the beach for a holiday. 6. Marwan’s father says the Old City of Homs had both a mosque and a church. 7. Marwan’s father believes the sea is friendly and will protect them on their journey. D. Answer the questions below: 1. Where did Marwan's father an,,
class8-english,8,100,238,unicode_replacement_character,"News! News! News! 95 Lesson 1: What is News? Keywords: bunk off, mass people, objective, bias, broadcast, refer editorial, informative, educative A. Look at the following pictures. Discuss with your partner what you see in them: | S EE (il ‘a Sane a Goll. i |\ ea \ i | == WY wynews El P77 [X Ge \ il \ “4 Bees S \ ST SSS SSS || aupanel | | =. B. Read the text and answer the following questions: I e",,
class8-english,8,101,192,unicode_replacement_character,"96 English For Today There are opinions that the term ‘news’ comes from ‘new’. Others say it is news because it comes from all directions: North, East, West and South. Questions: 1. What features should news have? 2. What is the difference between news and an event? 3. ‘......it should be self-explained...’. What does ‘it? mean here? 4. What are the opinions about the term ‘news’? 5. What must be ",,
class8-english,8,103,182,unicode_replacement_character,"98 English For Today eB | SN SH ERLE He HT EN RIN Te ahs 7a ee ge Gee Ps re a Ses FS Fete Fos See, Bata Brat are, (Pa ae Fra a FE ST ADS AA TCT ST PS OSE rena Pe FEC boo Brey FLT ICT SPO TM SILT TT OD CT OTT Pea sie S20 EL ESE Hd i ERO i yoo BIA FRET GORA CC AIA EE Owen 43 Comments 399 Share A Facebook page falsely claims that Sonali Bank is giving away money to people in celebration of the month ",,
class8-english,8,104,267,unicode_replacement_character,"News! News! News! 99 G. Ask and answer with your partner: 1. Do you read any newspaper/magazine? 2. When do you usually read it? 3. Which newspaper/magazine do you read? 4. What makes it different from other newspapers/magazines? 5. Which news items do you like most ---- international affairs, sports, movie, culture, politics, etc? 6. Do you share your favourite news item/s with your friend/s? H. ",,
class8-english,8,105,374,unicode_replacement_character,"100 English For Today now we know anything that takes place at the farthest corners of the world with a single click. However, it was not that easy a few hundred years ago. Through a process of evolution, the newspaper has now become a part and parcel of human life. Modern people cannot think of a day when they don’t have a newspaper passed through the doors in the early morning. A fresh newspaper",,
class8-english,8,106,244,unicode_replacement_character,"News! News! News! 101 The first newspaper printed in India was Hickey’s Bengal Gazette in 1780 under the British Raj. It was published by James Augustus Hickey. In this process, the first Bangla weekly newspaper, the Samachar Darpan, came out in 1818. The missionaries ran this newspaper. The Azad became Dhaka’s first daily newspaper. The Azad played an important role during our Language Movement a",,
class8-english,8,107,212,unicode_replacement_character,"102 English For Today Language Point Look at the sentence below. Is there a show of Nuruldiner Sarajibon, or Chitrangoda or Hamlet? There at the beginning of this sentence is called introductory there. For example, There is a new movie at Cineplex. There is sometimes used in the beginning of a sentence immediately before/after a form of verb ‘to be’ when the subject noun is an uncertain person or ",,
class8-english,8,108,261,unicode_replacement_character,"News! News! News! 103 G. Here is a small story but the sequence of the sentences is jumbled. Work in groups to rearrange the sentences so that the text comes as a cohesive paragraph: 1. | Rumki is very emotional and can’t bear it. 2. Putting it on the dining table, she quickly makes her tea and comes back to it. 3. Then she takes some light freehand exercise, get freshened, puts some water in the ",,
class8-english,8,109,449,unicode_replacement_character,"104 English For Today after a cricket match win and what not? TV reporters do not miss or delay to cover them. It is said that old news is no news. Consequently, there is always a hurry among the reporters to be up-to-date in developing stories or even break the story first. Breaking news has become popular among the viewers, it means the first and fast appearance of a startling news on the channe",,
class8-english,8,110,295,unicode_replacement_character,"News! News! News! 105 There is no chance of editing and very little chance for retaking the shot there. Quick intelligent decisions and prompt management of required technical assistance in a situation determines the quality of live reports. Reporters need to be careful to keep camera shots short and to the point. They also need to use simple language, and speak clearly and concisely as there will",,
class8-english,8,112,211,unicode_replacement_character,"News! News! News! 107 That was The News Two incredible shoes. Two incredible shoes. That was The News. — Michael Rosen F. News- shoes, rains — drains are some rhyming words in the poem. What other rhyming words do you find in the poem? Work with your partner to find out their meanings: G. Suppose you are a news reporter of a TV channel. You have an assignment to cover the news on the incredible sh",,
class8-english,8,113,153,unicode_replacement_character,"108 English For Today C. Look at the following advertisement in a newspaper and answer the following questions: Job opportunity Some healthy, young male and female are needed for security work. Education —: Class 8, age: 25 maximum, experience: not required, salary: negotiable. Apply with handwritten CV, 1 copy photograph, and certificate/s on or before 15 June 2015. Manager, ABC company Ltd., 36/",,
class8-english,8,114,112,unicode_replacement_character,"News! News! News! 109 Curriculum Vitae 1. Name: 2. Father's name: 3. Mother's name: 4. Mailing address: 5. Date of birth: 6. Nationality: 7. Educational qualifications —: 8. Experience: E. Ifa computer is available at your school, compose the CV and display it in your classroom for everyone: Lesson 5: A Torch Bearer Keywords: voracious, recognition, legacy, hamper A. Work in pairs to discuss what ",,
class8-english,8,116,299,unicode_replacement_character,News! News! News! 111 C. The grid below has two columns. Column A has some words taken from the text on Polan Sarkar and Column B has their meaning. Match the words with their meaning. Use a dictionary if needed: a. voracious 1. to find out the cause of a disease b. diagnose il. having a great appetite for anything c. hamper ili. anything handed down from the past (as d. inherit from an ancestor o,,
class8-english,8,117,85,unicode_replacement_character,112 English For Today F. Work with your partner and make a dialogue on the “Importance of Reading Books”: G. Do you know anyone who is involved in social work like Polan Sarkar? Write a report on him/her using the following cues: a. What is his/her name? b. Where is she/he from and how old is she/he? c. What does she/he do? d. Why is she/he famous? e. What aspect of her/his personality do you appr,,
class8-english,8,119,175,unicode_replacement_character,"114 English For Today Lesson 1: The Wheel Keywords: circular, rotate, axis, propeller, turbine, mobility, journey (v) vehicle, invention, civilisation A. Look at the pictures and say which one is easier to move and why: (( (i \ DY ] V/ 0 — jy oa B. Read the text and answer the following questions: Human beings have invented many important things so far. They have brought great civilization to the ",,
class8-english,8,120,260,unicode_replacement_character,"Things That Have Changed Our Lives 115 Questions: 1. What is a wheel? 2. What can a wheel do? 3. Where can you find wheels? C. Fill in the blanks with appropriate words from the box. There are more words than necessary: Although the wheel is a very (a) -------- invention, the history of its origin is unknown. Experts guess that the first wheel was developed from a circular object. The early man ob",,
class8-english,8,121,203,unicode_replacement_character,"116 English For Today Lesson 2: The History of the Wheel Keywords: invent, valley, ancient, further, pioneer, warfare A. Look at the following pictures of wheels. They existed in different ages in history. Discuss with your partner and put ordinal numbers under them (in spelling, such as 'first', 'second', etc.,) beginning from the ancient to the modern times: (ar) “ay B. Read the following dialog",,
class8-english,8,122,244,unicode_replacement_character,"Things That Have Changed Our Lives 117 Mr. Ramis: Exactly. But it travelled eastwards too. Wheels reached the Indus valley by 3000 B.C. But chariots with spoked wheels were made in ancient India in around 1500 B.C. They were used for war, hunting and racing. Rubina: What about the Greeks,teacher? Didn’t they use wheels? Mr. Ramis: They definitely did. In 1500 B.C, the Greeks too learnt the idea of",,
class8-english,8,123,182,unicode_replacement_character,"118 English For Today E. Listen to the text carefully and complete the following sentences with appropriate words: U9, L2 E Listening text: 10 1. Shang China lies --------- the far east of India. 2. The Indus and Ganges valley is -------- the middle. 3. The Tigris and Euphrates valley lies -------- the Nile and the Indus- Ganges. 4. The Ganges flows ---------- the north of India. 5. The Bay of Ben",,
class8-english,8,126,156,unicode_replacement_character,Things That Have Changed Our Lives 121 E. Look at the following picture of a railway station in Bangladesh. Now work in pairs: oC ie EES i Le Dhaka Airport Railway station Name: Bangladesh Railway ¢ Headquarters: Dhaka ¢ Zones: Eastern and Western ¢ Numbers of stations: 498 (2019-2020); number of engines: 476; number of passenger carriages: 2016; number of wagons: 3221 ¢ Total length of railroad: ,,
class8-english,8,128,135,unicode_replacement_character,"Things That Have Changed Our Lives 123 You find attractive ads on the websites of both Boeing and Airbus planes. Both have excellent features. But in speed, neither could beat the Concorde. It is the ‘ ie ~ “vain = = == - z tet ceeeateiae a vgs = —— FOr —_—_ A world’s fastest supersonic passenger aircraft. Its normal speed was 2,170 km/h. The Concorde was a joint project by France and Britain. It ",,
class8-english,8,129,262,unicode_replacement_character,"124 English For Today Note: The speed of sound, which is approximately 760 miles per hour is called 1 Mach. An airplane flying less than 1 Mach or less than 760 miles per hour is travelling at subsonic speed. Faster than 1 Mach or 760 miles per hour would be a supersonic speed. C. Read the dialogue between the English teacher Mr Ramis and Sohan. Then do the following exercise: Sohan: Teacher, in t",,
class8-english,8,131,300,unicode_replacement_character,"126 English For Today B. Read the news report adapted from The Guardian: The Falcon Hypersonic Technology Vehicle-2 (Falcon HTV-2) is the fastest plane ever built by human beings. It would fly from London to Sydney in less than an hour. Supersonic Concorde, by the way, could not fly at such a great speed. At the same time, it would withstand temperatures of almost 2,000 degree C. This temperature ",,
class8-english,8,132,303,unicode_replacement_character,"Things That Have Changed Our Lives 127 C.Imagine you are a TV reporter. You have come to interview the chief engineer of the HT V-2 Launch Project. What questions will you ask him/her? Design a short dialogue between yourself and the engineer, and write it. Finally, act it out in pairs with proper sounds, stress and intonation: D. Listen to the text carefully and complete the following sentences w",,
class8-english,8,133,272,unicode_replacement_character,"128 English For Today Lesson 6: Paper and Wheel Keywords: record, paper, surface of stone, bark, encyclopedia, wood plunk, digital A. Look at the picture and say what this is. Discuss with your partner: s ba: re 4 B. Read the text and answer the following questions: Communication of ideas is at the centre of civilisation. It needs written records. Most of our records in the modern age are on paper",,
class8-english,8,134,238,unicode_replacement_character,Things That Have Changed Our Lives 129 Questions: 1. How did people exchange ideas before writing was invented? 2. Why did people look for easy writing materials? 3. Why was knowledge very restricted in the pre-paper age? 4. Do you think paper has changed our life? Explain why your answer is ‘yes’ or ‘no’. 5. Where was paper invented and when? C. Discuss with your partner and make a list of things,,
class8-english,8,135,177,unicode_replacement_character,"130 English For Today F. PROJECT WORK: On a weekend, observe how ruti or paratha is made in the kitchen. Carefully take notes of each step taken to make it. Then back in class, share your notes with your partner/group. Finally, write how ruti or paratha is made and make a presentation in the class: Lesson 7: Contemplation A. Look at the picture and discuss in groups the possible answers to these q",,
class8-english,8,136,212,unicode_replacement_character,"Things That Have Changed Our Lives 131 B. Read the poem and answer the following questions: Contemplation For days and days I’ve climbed a tree A dappled yellow tree And gazed abroad at many things I’ve always wished to see. I see the green and gentle fields All bounded in with hedge And shining rivers swimming through The rushes on the edge, And little sheep who play all day I watch them as they ",,
class8-english,8,137,73,unicode_replacement_character,"Unit Ten Fables f TM i fo ‘iy r ee? (a By we r Fs ) te h Ls wal: s F -; 7 -_ i a After we have studied this unit, we will be able to @ describe pictures @ read and understand texts through silent reading e infer meaning from context @ ask and answer questions e take part in discussions S e identify main points of a text Ss",,
class8-english,8,139,243,unicode_replacement_character,"134 English For Today The owl was very pleased at the bat’s flattery. He puffed and ruffled himself, trying to look as wise and brave as possible. Then he turned to the dove and asked, “Now little dove, what do you think about me?” B. Ask and answer the following questions: 1. Who were the two good friends? 2. What did they decide to do? 3. Why did they look for a shelter? 4. Which words tell you ",,
class8-english,8,140,236,unicode_replacement_character,"Fables 135 Lesson 2: The Truthful Dove (2) Keywords: wondering, insincere, speech, praise, host grateful A. Look at the picture and talk about it: Sy i ay Ne Ht ae) hd “il [ o 4e t = ——— wip e ee bes a eo ""ft al ie Ps i"" ine B. Read more about the three birds and write answers to the following questions: All this time the dove was listening to her friend's false praises. She was wondering how insi",,
class8-english,8,141,265,unicode_replacement_character,"136 English For Today C. True or False? If False, give the correct information: 1. The bat was very sincere when he praised the owl. 2. The owl wanted to hear more good things about himself. 3. The dove was very harsh to the owl. 4. The dove expressed gratitude towards the owl for his hospitality. 5. The story illustrates the consequences of insincere flattery and the value of honesty. Lesson 3: T",,
class8-english,8,142,272,unicode_replacement_character,"Fables 137 ""You are an ungrateful bird, and the bat is right. You do not deserve this generous hospitality which I have offered. Get out! Be off, I say!""said the owl. ""Yes, get lost!"" echoed the bat, flapping his leathery wings. The two heartless creatures fell upon the poor little dove and drove her out into the dark and stormy night. But the owl and the bat did not go unpunished for their act of",,
class8-english,8,143,237,unicode_replacement_character,"138 English For Today Lesson 4: A Summer Story A. Look at the image and discuss in groups the possible answers to the questions: WG S Leen ""1 eo ® 5 Pid:. “ip P] “ AC ‘ ee rbd Lt ae: Illustrated by K.G. Subramanyan 1. What comes first in your mind when you look at the image? 2. How do crows actually drink water? B. Now read this story written by K.G. Subramanyan and answer to the questions that fo",,
class8-english,8,144,468,unicode_replacement_character,"Fables 139 But I had thanked too early. How was I going to get the water in the bottle unless I could get my beak in? My beak was too fat and neck of the bottle, too narrow. So, as usual, I went to Grandpa for advice. A doddering old crow he was, but he had seen the world. And, often, had useful things to say. Sure enough, he had a way. “Go and get pebbles from the riverbed”, he said, and drop the",,
class8-english,8,145,138,unicode_replacement_character,140 English For Today C. Match the correct element with its appropriate description: D. Answer to the following questions: 1. What problem is the crow facing at the beginning of the story? 2. What advice does Grandpa give the crow to get the water from the bottle? 3. Why does the crow decide not to use pebbles to raise the water in the bottle? 4. How does the crow eventually solve the problem of d,,
class8-english,8,148,116,unicode_replacement_character,"Women’s Role in Uprisings 143 - is P = oe >| oa Mayer Daak members demand justice for disappeared family members Living up to that ideal, female students during the anti-discrimination movement broke out of their dorms, defying the authorities, and shouted at the security forces, calling them murderers —‘Khuni! Khuni!” It was Abu Sayeed’s mother who asked the question, “Amar betak marlu kene?”’—a ",,
class8-english,8,149,289,unicode_replacement_character,"144 English For Today It was the mothers and sisters who cut through those narratives. The students from girls’ dormitories, the sisters on the streets fighting back, organizing, planning, and strategizing—they were not always in front of the camera and therefore, their struggles and labour are often invisibilized. They worked quietly and fiercely to offer us a new dawn. A. Answer the following qu",,
class8-english,8,150,288,unicode_replacement_character,"Sample Question Subject: English 1st Paper Grade: Eight Time: 3 hours Marks:100 [Marks for individual items are mentioned next to the test items] Part A - Reading (Marks: 70) Read the text and answer the questions 1 & 2 People’s music, also known as folk music, consists of tunes, lyrics, and knowledge passed down orally for generations. Over time, this music has evolved, closely tied to the way pe",,
class8-english,8,151,249,unicode_replacement_character,146 English For Today d) How has folk music traditionally been passed down through generations? i. through written manuscripts il. through printed songbooks iii. through oral tradition Iv. through digital recordings e) Which of the following folk music genres is known for being sung by boatmen? 1. Sari il. Jari iii. Bhatiyali iv. Gambhira f) How does folk music help preserve cultural heritage? i. ,,
class8-english,8,155,281,unicode_replacement_character,"150 English For Today 10. Answer any five of the following questions from the poems in your textbook: a) What does the embroidered quilt symbolize in the poem of The field of the embroidered quilt by Jasimuddin? b) What is the central theme of ""Ode on Solitude"" by Alexander Pope? c) What does the speaker pledge to the ""Land of our Birth"" in the opening lines of the poem “The Children's Songs” by R",,
class8-english,8,161,216,unicode_replacement_character,"156 English For Today 13. — Aiyana: Hello Ratan! What’s up? Ratan: Just fantastic. Feeling good to see you again. Atyana: Same here. It’s really very interesting to travel together. You know something, I’ve always wanted to ride a train. Look how fast we are moving! The trees, fields, and houses are just flying past the window! Ratan: Yes. And look at how the train moves through the landscape—almo",,
